Dive Number,GF Minimum,GF Maximum,Surface Interval (min),Imperial Units,Start Battery Voltage,Start CNS %,Start Date,Start External O2 Sensor Status,Start Low Set Point,Start High Set Point,Computer Firmware Version,Max Depth,Max Time,Error History,End Battery Voltage,End CNS,End Date,End External O2 Sensor Status,End Low Set Point,End High Set Point,Computer Serial Number,Computer Firmware Version,Computer Model,Log Version,Deco Model,VPM-B Conservatism,Start Surface Pressure,End Surface Pressure,Product
37,99,99,9,FALSE,4,0,3/12/2025 11:42:12 AM,FALSE,0,1,21,85.5,5583,,4,41,3/12/2025 1:15:15 PM,FALSE,0,0,69AA12E0,21,0,16,GF,99/99,1010,1010,Teric
Time (sec),Depth,First Stop Depth,Time To Surface (min),Average PPO2,Fraction O2,Fraction He,First Stop Time,Current NDL,Current Circuit Mode,Current CCR Mode,Water Temp,Gas Switch Needed,External PPO2,Set Point Type,Circuit Switch Type,External O2 Sensor 1 (mV),External O2 Sensor 2 (mV),External O2 Sensor 3 (mV),Battery Voltage,Tank 1 pressure (PSI),Tank 2 pressure (PSI),Tank 3 pressure (PSI),Tank 4 pressure (PSI),Gas Time Remaining,SAC Rate (2 minute avg),Ascent Rate,Safe Ascent Depth,CO2mbar,
0,0,0,0,0,0.32,0,0,0,1,0,28,FALSE,FALSE,0,0,0,0,0,3.99,AI êº¼ì_,AI êº¼ì_,AI êº¼ì_,AI êº¼ì_,__,¤ì_ë¹__ì§ __,0,0,0,
10,3.4,0,1,0.42,0.32,0,0,99,1,0,28,FALSE,FALSE,0,0,0,0,0,4.01,AI êº¼ì_,AI êº¼ì_,AI êº¼ì_,AI êº¼ì_,__ë§  ,AI êº¼ì_,0,0,0,
20,4.9,0,1,0.46,0.32,0,0,99,1,0,28,FALSE,FALSE,0,0,0,0,0,4.01,AI êº¼ì_,AI êº¼ì_,AI êº¼ì_,AI êº¼ì_,__ë§  ,AI êº¼ì_,0,0,0,
30,6.2,0,1,0.51,0.32,0,0,99,1,0,28,FALSE,FALSE,0,0,0,0,0,4.01,AI êº¼ì_,AI êº¼ì_,AI êº¼ì_,AI êº¼ì_,__ë§  ,AI êº¼ì_,0,0,0,
40,6.9,0,1,0.54,0.32,0,0,99,1,0,28,FALSE,FALSE,0,0,0,0,0,4.01,AI êº¼ì_,AI êº¼ì_,AI êº¼ì_,AI êº¼ì_,__ë§  ,AI êº¼ì_,0,0,0,
50,7.8,0,1,0.56,0.32,0,0,99,1,0,28,FALSE,FALSE,0,0,0,0,0,4.01,AI êº¼ì_,AI êº¼ì_,AI êº¼ì_,AI êº¼ì_,__ë§  ,AI êº¼ì_,0,0,0,
60,8.900001,0,1,0.6,0.32,0,0,99,1,0,28,FALSE,FALSE,0,0,0,0,0,4.01,AI êº¼ì_,AI êº¼ì_,AI êº¼ì_,AI êº¼ì_,__ë§  ,AI êº¼ì_,0,0,0,
70,9.6,0,1,0.62,0.32,0,0,99,1,0,28,FALSE,FALSE,0,0,0,0,0,4.01,AI êº¼ì_,AI êº¼ì_,AI êº¼ì_,AI êº¼ì_,__ë§  ,AI êº¼ì_,0,0,0,
80,10.8,0,1,0.65,0.32,0,0,99,1,0,28,FALSE,FALSE,0,0,0,0,0,4.01,AI êº¼ì_,AI êº¼ì_,AI êº¼ì_,AI êº¼ì_,__ë§  ,AI êº¼ì_,0,0,0,
90,12.7,0,2,0.72,0.32,0,0,99,1,0,28,FALSE,FALSE,0,0,0,0,0,4.01,AI êº¼ì_,AI êº¼ì_,AI êº¼ì_,AI êº¼ì_,__ë§  ,AI êº¼ì_,0,0,0,
100,15.1,0,2,0.79,0.32,0,0,99,1,0,28,FALSE,FALSE,0,0,0,0,0,4.01,AI êº¼ì_,AI êº¼ì_,AI êº¼ì_,AI êº¼ì_,__ë§  ,AI êº¼ì_,0,0,0,
110,17.2,0,2,0.86,0.32,0,0,99,1,0,28,FALSE,FALSE,0,0,0,0,0,4.01,AI êº¼ì_,AI êº¼ì_,AI êº¼ì_,AI êº¼ì_,__ë§  ,AI êº¼ì_,0,0,0,
120,19.2,0,2,0.92,0.32,0,0,87,1,0,28,FALSE,FALSE,0,0,0,0,0,4.01,AI êº¼ì_,AI êº¼ì_,AI êº¼ì_,AI êº¼ì_,__ë§  ,AI êº¼ì_,0,0,0,
130,21,0,3,0.98,0.32,0,0,69,1,0,27,FALSE,FALSE,0,0,0,0,0,4.01,AI êº¼ì_,AI êº¼ì_,AI êº¼ì_,AI êº¼ì_,__ë§  ,AI êº¼ì_,0,0,0,
140,22.4,0,3,1.03,0.32,0,0,58,1,0,27,FALSE,FALSE,0,0,0,0,0,4.01,AI êº¼ì_,AI êº¼ì_,AI êº¼ì_,AI êº¼ì_,__ë§  ,AI êº¼ì_,0,0,0,
150,22.9,0,3,1.05,0.32,0,0,53,1,0,27,FALSE,FALSE,0,0,0,0,0,4.01,AI êº¼ì_,AI êº¼ì_,AI êº¼ì_,AI êº¼ì_,__ë§  ,AI êº¼ì_,0,0,0,
160,24,0,3,1.08,0.32,0,0,49,1,0,27,FALSE,FALSE,0,0,0,0,0,4.01,AI êº¼ì_,AI êº¼ì_,AI êº¼ì_,AI êº¼ì_,__ë§  ,AI êº¼ì_,0,0,0,
170,25.9,0,3,1.14,0.32,0,0,40,1,0,27,FALSE,FALSE,0,0,0,0,0,4.01,AI êº¼ì_,AI êº¼ì_,AI êº¼ì_,AI êº¼ì_,__ë§  ,AI êº¼ì_,0,0,0,
180,27.8,0,3,1.2,0.32,0,0,34,1,0,27,FALSE,FALSE,0,0,0,0,0,4.01,AI êº¼ì_,AI êº¼ì_,AI êº¼ì_,AI êº¼ì_,__ë§  ,AI êº¼ì_,0,0,0,
190,30,0,3,1.27,0.32,0,0,28,1,0,27,FALSE,FALSE,0,0,0,0,0,4.01,AI êº¼ì_,AI êº¼ì_,AI êº¼ì_,AI êº¼ì_,__ë§  ,AI êº¼ì_,0,0,0,
200,31.9,0,4,1.33,0.32,0,0,24,1,0,27,FALSE,FALSE,0,0,0,0,0,4.01,AI êº¼ì_,AI êº¼ì_,AI êº¼ì_,AI êº¼ì_,__ë§  ,AI êº¼ì_,0,0,0,
210,33.9,0,4,1.39,0.32,0,0,20,1,0,27,FALSE,FALSE,0,0,0,0,0,4.01,AI êº¼ì_,AI êº¼ì_,AI êº¼ì_,AI êº¼ì_,__ë§  ,AI êº¼ì_,0,0,0,
220,35.4,0,4,1.45,0.32,0,0,18,1,0,27,FALSE,FALSE,0,0,0,0,0,4.01,AI êº¼ì_,AI êº¼ì_,AI êº¼ì_,AI êº¼ì_,__ë§  ,AI êº¼ì_,0,0,0,
230,36,0,4,1.47,0.32,0,0,17,1,0,27,FALSE,FALSE,0,0,0,0,0,4.01,AI êº¼ì_,AI êº¼ì_,AI êº¼ì_,AI êº¼ì_,__ë§  ,AI êº¼ì_,0,0,0,
240,36.5,0,4,1.48,0.32,0,0,16,1,0,27,FALSE,FALSE,0,0,0,0,0,4.01,AI êº¼ì_,AI êº¼ì_,AI êº¼ì_,AI êº¼ì_,__ë§  ,AI êº¼ì_,0,0,0,
250,37,0,4,0.61,0.13,0,0,7,1,0,27,FALSE,FALSE,0,0,0,0,0,4.01,AI êº¼ì_,AI êº¼ì_,AI êº¼ì_,AI êº¼ì_,__ë§  ,AI êº¼ì_,0,0,0,
260,38.5,0,4,0.63,0.13,0,0,6,1,0,27,FALSE,FALSE,0,0,0,0,0,4.01,AI êº¼ì_,AI êº¼ì_,AI êº¼ì_,AI êº¼ì_,__ë§  ,AI êº¼ì_,0,0,0,
270,39.5,0,4,0.64,0.13,0,0,6,1,0,27,FALSE,FALSE,0,0,0,0,0,4,AI êº¼ì_,AI êº¼ì_,AI êº¼ì_,AI êº¼ì_,__ë§  ,AI êº¼ì_,0,0,0,
280,40.6,0,5,0.66,0.13,0,0,5,1,0,27,FALSE,FALSE,0,0,0,0,0,4.01,AI êº¼ì_,AI êº¼ì_,AI êº¼ì_,AI êº¼ì_,__ë§  ,AI êº¼ì_,0,0,0,
290,42.4,0,5,0.68,0.13,0,0,4,1,0,27,FALSE,FALSE,0,0,0,0,0,4.01,AI êº¼ì_,AI êº¼ì_,AI êº¼ì_,AI êº¼ì_,__ë§  ,AI êº¼ì_,0,0,0,
300,44.2,0,5,0.7,0.13,0,0,4,1,0,27,FALSE,FALSE,0,0,0,0,0,4.01,AI êº¼ì_,AI êº¼ì_,AI êº¼ì_,AI êº¼ì_,__ë§  ,AI êº¼ì_,0,0,0,
310,46.1,0,5,0.72,0.13,0,0,3,1,0,27,FALSE,FALSE,0,0,0,0,0,4.01,AI êº¼ì_,AI êº¼ì_,AI êº¼ì_,AI êº¼ì_,__ë§  ,AI êº¼ì_,0,0,0,
320,48.1,0,5,0.75,0.13,0,0,3,1,0,26,FALSE,FALSE,0,0,0,0,0,4.01,AI êº¼ì_,AI êº¼ì_,AI êº¼ì_,AI êº¼ì_,__ë§  ,AI êº¼ì_,0,0,0,
330,49.8,0,5,0.77,0.13,0,0,2,1,0,26,FALSE,FALSE,0,0,0,0,0,4.01,AI êº¼ì_,AI êº¼ì_,AI êº¼ì_,AI êº¼ì_,__ë§  ,AI êº¼ì_,0,0,0,
340,51.3,0,6,0.79,0.13,0,0,2,1,0,26,FALSE,FALSE,0,0,0,0,0,4.01,AI êº¼ì_,AI êº¼ì_,AI êº¼ì_,AI êº¼ì_,__ë§  ,AI êº¼ì_,0,0,0,
350,53.6,0,6,0.82,0.13,0,0,1,1,0,26,FALSE,FALSE,0,0,0,0,0,4.01,AI êº¼ì_,AI êº¼ì_,AI êº¼ì_,AI êº¼ì_,__ë§  ,AI êº¼ì_,0,0,0,
360,56.1,0,6,0.85,0.13,0,0,1,1,0,26,FALSE,FALSE,0,0,0,0,0,4.01,AI êº¼ì_,AI êº¼ì_,AI êº¼ì_,AI êº¼ì_,__ë§  ,AI êº¼ì_,0,0,0,
370,58.2,0,6,0.88,0.13,0,0,0,1,0,26,FALSE,FALSE,0,0,0,0,0,4.01,AI êº¼ì_,AI êº¼ì_,AI êº¼ì_,AI êº¼ì_,__ë§  ,AI êº¼ì_,0,0,0,
380,60.7,0,6,0.91,0.13,0,0,0,1,0,25,FALSE,FALSE,0,0,0,0,0,4.01,AI êº¼ì_,AI êº¼ì_,AI êº¼ì_,AI êº¼ì_,__ë§  ,AI êº¼ì_,0,0,0,
390,63.3,0,7,0.95,0.13,0,0,0,1,0,25,FALSE,FALSE,0,0,0,0,0,4,AI êº¼ì_,AI êº¼ì_,AI êº¼ì_,AI êº¼ì_,__ë§  ,AI êº¼ì_,0,0,0,
400,65.7,0,7,0.98,0.13,0,0,0,1,0,25,FALSE,FALSE,0,0,0,0,0,4,AI êº¼ì_,AI êº¼ì_,AI êº¼ì_,AI êº¼ì_,__ë§  ,AI êº¼ì_,0,0,0,
410,68.1,0,7,1.01,0.13,0,0,0,1,0,25,FALSE,FALSE,0,0,0,0,0,4,AI êº¼ì_,AI êº¼ì_,AI êº¼ì_,AI êº¼ì_,__ë§  ,AI êº¼ì_,0,0,0,
420,70.5,3,9,1.04,0.13,0,1,0,1,0,25,FALSE,FALSE,0,0,0,0,0,4,AI êº¼ì_,AI êº¼ì_,AI êº¼ì_,AI êº¼ì_,__ë§  ,AI êº¼ì_,0,0,0,
430,72.6,3,9,1.07,0.13,0,1,0,1,0,25,FALSE,FALSE,0,0,0,0,0,4,AI êº¼ì_,AI êº¼ì_,AI êº¼ì_,AI êº¼ì_,__ë§  ,AI êº¼ì_,0,0,0,
440,74.4,3,10,1.09,0.13,0,2,0,1,0,25,FALSE,FALSE,0,0,0,0,0,4,AI êº¼ì_,AI êº¼ì_,AI êº¼ì_,AI êº¼ì_,__ë§  ,AI êº¼ì_,0,0,0,
450,76.2,3,10,1.11,0.13,0,2,0,1,0,25,FALSE,FALSE,0,0,0,0,0,4.01,AI êº¼ì_,AI êº¼ì_,AI êº¼ì_,AI êº¼ì_,__ë§  ,AI êº¼ì_,0,0,0,
460,78.1,6,10,1.14,0.13,0,1,0,1,0,25,FALSE,FALSE,0,0,0,0,0,4.01,AI êº¼ì_,AI êº¼ì_,AI êº¼ì_,AI êº¼ì_,__ë§  ,AI êº¼ì_,0,0,0,
470,80,6,11,1.16,0.13,0,1,0,1,0,25,FALSE,FALSE,0,0,0,0,0,4,AI êº¼ì_,AI êº¼ì_,AI êº¼ì_,AI êº¼ì_,__ë§  ,AI êº¼ì_,0,0,0,
480,81.9,6,12,1.19,0.13,0,1,0,1,0,24,FALSE,FALSE,0,0,0,0,0,4.01,AI êº¼ì_,AI êº¼ì_,AI êº¼ì_,AI êº¼ì_,__ë§  ,AI êº¼ì_,0,0,0,
490,82.8,6,13,1.2,0.13,0,2,0,1,0,24,FALSE,FALSE,0,0,0,0,0,4,AI êº¼ì_,AI êº¼ì_,AI êº¼ì_,AI êº¼ì_,__ë§  ,AI êº¼ì_,0,0,0,
500,83.7,6,13,1.21,0.13,0,2,0,1,0,24,FALSE,FALSE,0,0,0,0,0,4,AI êº¼ì_,AI êº¼ì_,AI êº¼ì_,AI êº¼ì_,__ë§  ,AI êº¼ì_,0,0,0,
510,84.3,6,13,1.22,0.13,0,2,0,1,0,24,FALSE,FALSE,0,0,0,0,0,4,AI êº¼ì_,AI êº¼ì_,AI êº¼ì_,AI êº¼ì_,__ë§  ,AI êº¼ì_,0,0,0,
520,84.9,9,14,1.23,0.13,0,1,0,1,0,24,FALSE,FALSE,0,0,0,0,0,4.01,AI êº¼ì_,AI êº¼ì_,AI êº¼ì_,AI êº¼ì_,__ë§  ,AI êº¼ì_,0,0,0,
530,85.3,9,15,1.23,0.13,0,1,0,1,0,24,FALSE,FALSE,0,0,0,0,0,4,AI êº¼ì_,AI êº¼ì_,AI êº¼ì_,AI êº¼ì_,__ë§  ,AI êº¼ì_,0,0,0,
540,85.3,9,14,1.24,0.13,0,1,0,1,0,24,FALSE,FALSE,0,0,0,0,0,4,AI êº¼ì_,AI êº¼ì_,AI êº¼ì_,AI êº¼ì_,__ë§  ,AI êº¼ì_,0,0,0,
550,85.1,9,15,1.23,0.13,0,1,0,1,0,24,FALSE,FALSE,0,0,0,0,0,4.01,AI êº¼ì_,AI êº¼ì_,AI êº¼ì_,AI êº¼ì_,__ë§  ,AI êº¼ì_,0,0,0,
560,85.4,9,15,1.24,0.13,0,1,0,1,0,24,FALSE,FALSE,0,0,0,0,0,4,AI êº¼ì_,AI êº¼ì_,AI êº¼ì_,AI êº¼ì_,__ë§  ,AI êº¼ì_,0,0,0,
570,84.9,9,16,1.23,0.13,0,2,0,1,0,24,FALSE,FALSE,0,0,0,0,0,4,AI êº¼ì_,AI êº¼ì_,AI êº¼ì_,AI êº¼ì_,__ë§  ,AI êº¼ì_,0,0,0,
580,85.1,9,16,1.23,0.13,0,2,0,1,0,24,FALSE,FALSE,0,0,0,0,0,4,AI êº¼ì_,AI êº¼ì_,AI êº¼ì_,AI êº¼ì_,__ë§  ,AI êº¼ì_,0,0,0,
590,85.1,9,17,1.23,0.13,0,2,0,1,0,24,FALSE,FALSE,0,0,0,0,0,4,AI êº¼ì_,AI êº¼ì_,AI êº¼ì_,AI êº¼ì_,__ë§  ,AI êº¼ì_,0,0,0,
600,84.9,9,16,1.23,0.13,0,2,0,1,0,24,FALSE,FALSE,0,0,0,0,0,4,AI êº¼ì_,AI êº¼ì_,AI êº¼ì_,AI êº¼ì_,__ë§  ,AI êº¼ì_,0,0,0,
610,85,12,17,1.23,0.13,0,1,0,1,0,24,FALSE,FALSE,0,0,0,0,0,4,AI êº¼ì_,AI êº¼ì_,AI êº¼ì_,AI êº¼ì_,__ë§  ,AI êº¼ì_,0,0,0,
620,84.8,12,17,1.23,0.13,0,1,0,1,0,24,FALSE,FALSE,0,0,0,0,0,4,AI êº¼ì_,AI êº¼ì_,AI êº¼ì_,AI êº¼ì_,__ë§  ,AI êº¼ì_,0,0,0,
630,84.6,12,18,1.23,0.13,0,1,0,1,0,24,FALSE,FALSE,0,0,0,0,0,4,AI êº¼ì_,AI êº¼ì_,AI êº¼ì_,AI êº¼ì_,__ë§  ,AI êº¼ì_,0,0,0,
640,84.5,12,17,1.23,0.13,0,1,0,1,0,24,FALSE,FALSE,0,0,0,0,0,4,AI êº¼ì_,AI êº¼ì_,AI êº¼ì_,AI êº¼ì_,__ë§  ,AI êº¼ì_,0,0,0,
650,84.1,12,18,1.22,0.13,0,1,0,1,0,24,FALSE,FALSE,0,0,0,0,0,4,AI êº¼ì_,AI êº¼ì_,AI êº¼ì_,AI êº¼ì_,__ë§  ,AI êº¼ì_,0,0,0,
660,83.9,12,19,1.22,0.13,0,1,0,1,0,24,FALSE,FALSE,0,0,0,0,0,4,AI êº¼ì_,AI êº¼ì_,AI êº¼ì_,AI êº¼ì_,__ë§  ,AI êº¼ì_,0,0,0,
670,83.8,12,19,1.22,0.13,0,1,0,1,0,24,FALSE,FALSE,0,0,0,0,0,4,AI êº¼ì_,AI êº¼ì_,AI êº¼ì_,AI êº¼ì_,__ë§  ,AI êº¼ì_,0,0,0,
680,83.7,12,19,1.21,0.13,0,1,0,1,0,24,FALSE,FALSE,0,0,0,0,0,4,AI êº¼ì_,AI êº¼ì_,AI êº¼ì_,AI êº¼ì_,__ë§  ,AI êº¼ì_,0,0,0,
690,83.5,12,20,1.21,0.13,0,1,0,1,0,24,FALSE,FALSE,0,0,0,0,0,4,AI êº¼ì_,AI êº¼ì_,AI êº¼ì_,AI êº¼ì_,__ë§  ,AI êº¼ì_,0,0,0,
700,83.2,12,20,1.21,0.13,0,2,0,1,0,24,FALSE,FALSE,0,0,0,0,0,4,AI êº¼ì_,AI êº¼ì_,AI êº¼ì_,AI êº¼ì_,__ë§  ,AI êº¼ì_,0,0,0,
710,83.3,12,20,1.21,0.13,0,2,0,1,0,24,FALSE,FALSE,0,0,0,0,0,4,AI êº¼ì_,AI êº¼ì_,AI êº¼ì_,AI êº¼ì_,__ë§  ,AI êº¼ì_,0,0,0,
720,83.4,12,21,1.21,0.13,0,2,0,1,0,24,FALSE,FALSE,0,0,0,0,0,4,AI êº¼ì_,AI êº¼ì_,AI êº¼ì_,AI êº¼ì_,__ë§  ,AI êº¼ì_,0,0,0,
730,83.5,12,21,1.21,0.13,0,2,0,1,0,24,FALSE,FALSE,0,0,0,0,0,4,AI êº¼ì_,AI êº¼ì_,AI êº¼ì_,AI êº¼ì_,__ë§  ,AI êº¼ì_,0,0,0,
740,83.4,15,22,1.21,0.13,0,1,0,1,0,24,FALSE,FALSE,0,0,0,0,0,4,AI êº¼ì_,AI êº¼ì_,AI êº¼ì_,AI êº¼ì_,__ë§  ,AI êº¼ì_,0,0,0,
750,83.4,15,22,1.21,0.13,0,1,0,1,0,24,FALSE,FALSE,0,0,0,0,0,4,AI êº¼ì_,AI êº¼ì_,AI êº¼ì_,AI êº¼ì_,__ë§  ,AI êº¼ì_,0,0,0,
760,83.1,15,22,1.21,0.13,0,1,0,1,0,24,FALSE,FALSE,0,0,0,0,0,4,AI êº¼ì_,AI êº¼ì_,AI êº¼ì_,AI êº¼ì_,__ë§  ,AI êº¼ì_,0,0,0,
770,82.9,15,22,1.2,0.13,0,1,0,1,0,24,FALSE,FALSE,0,0,0,0,0,4,AI êº¼ì_,AI êº¼ì_,AI êº¼ì_,AI êº¼ì_,__ë§  ,AI êº¼ì_,0,0,0,
780,82.8,15,23,1.2,0.13,0,1,0,1,0,24,FALSE,FALSE,0,0,0,0,0,4,AI êº¼ì_,AI êº¼ì_,AI êº¼ì_,AI êº¼ì_,__ë§  ,AI êº¼ì_,0,0,0,
790,82.6,15,24,1.2,0.13,0,1,0,1,0,24,FALSE,FALSE,0,0,0,0,0,4,AI êº¼ì_,AI êº¼ì_,AI êº¼ì_,AI êº¼ì_,__ë§  ,AI êº¼ì_,0,0,0,
800,82.7,15,24,1.2,0.13,0,1,0,1,0,24,FALSE,FALSE,0,0,0,0,0,4,AI êº¼ì_,AI êº¼ì_,AI êº¼ì_,AI êº¼ì_,__ë§  ,AI êº¼ì_,0,0,0,
810,82.9,15,24,1.2,0.13,0,1,0,1,0,24,FALSE,FALSE,0,0,0,0,0,4,AI êº¼ì_,AI êº¼ì_,AI êº¼ì_,AI êº¼ì_,__ë§  ,AI êº¼ì_,0,0,0,
820,82.9,15,25,1.2,0.13,0,1,0,1,0,24,FALSE,FALSE,0,0,0,0,0,4,AI êº¼ì_,AI êº¼ì_,AI êº¼ì_,AI êº¼ì_,__ë§  ,AI êº¼ì_,0,0,0,
830,83,15,26,1.21,0.13,0,1,0,1,0,24,FALSE,FALSE,0,0,0,0,0,4,AI êº¼ì_,AI êº¼ì_,AI êº¼ì_,AI êº¼ì_,__ë§  ,AI êº¼ì_,0,0,0,
840,82.8,15,26,1.2,0.13,0,2,0,1,0,24,FALSE,FALSE,0,0,0,0,0,4,AI êº¼ì_,AI êº¼ì_,AI êº¼ì_,AI êº¼ì_,__ë§  ,AI êº¼ì_,0,0,0,
850,83.1,15,27,1.21,0.13,0,2,0,1,0,24,FALSE,FALSE,0,0,0,0,0,4,AI êº¼ì_,AI êº¼ì_,AI êº¼ì_,AI êº¼ì_,__ë§  ,AI êº¼ì_,0,0,0,
860,82.8,15,28,1.2,0.13,0,2,0,1,0,24,FALSE,FALSE,0,0,0,0,0,4,AI êº¼ì_,AI êº¼ì_,AI êº¼ì_,AI êº¼ì_,__ë§  ,AI êº¼ì_,0,0,0,
870,82.9,15,27,1.2,0.13,0,2,0,1,0,24,FALSE,FALSE,0,0,0,0,0,4,AI êº¼ì_,AI êº¼ì_,AI êº¼ì_,AI êº¼ì_,__ë§  ,AI êº¼ì_,0,0,0,
880,82.9,18,28,1.2,0.13,0,1,0,1,0,24,FALSE,FALSE,0,0,0,0,0,4,AI êº¼ì_,AI êº¼ì_,AI êº¼ì_,AI êº¼ì_,__ë§  ,AI êº¼ì_,0,0,0,
890,82.5,18,29,1.2,0.13,0,1,0,1,0,24,FALSE,FALSE,0,0,0,0,0,4,AI êº¼ì_,AI êº¼ì_,AI êº¼ì_,AI êº¼ì_,__ë§  ,AI êº¼ì_,0,0,0,
900,82.4,18,30,1.2,0.13,0,1,0,1,0,24,FALSE,FALSE,0,0,0,0,0,4,AI êº¼ì_,AI êº¼ì_,AI êº¼ì_,AI êº¼ì_,__ë§  ,AI êº¼ì_,0,0,0,
910,82.3,18,29,1.2,0.13,0,1,0,1,0,24,FALSE,FALSE,0,0,0,0,0,4,AI êº¼ì_,AI êº¼ì_,AI êº¼ì_,AI êº¼ì_,__ë§  ,AI êº¼ì_,0,0,0,
920,81.5,18,29,1.18,0.13,0,1,0,1,0,24,FALSE,FALSE,0,0,0,0,0,4,AI êº¼ì_,AI êº¼ì_,AI êº¼ì_,AI êº¼ì_,__ë§  ,AI êº¼ì_,0,0,0,
930,81.7,18,30,1.19,0.13,0,1,0,1,0,24,FALSE,FALSE,0,0,0,0,0,4,AI êº¼ì_,AI êº¼ì_,AI êº¼ì_,AI êº¼ì_,__ë§  ,AI êº¼ì_,0,0,0,
940,81.5,18,31,1.19,0.13,0,1,0,1,0,24,FALSE,FALSE,0,0,0,0,0,4,AI êº¼ì_,AI êº¼ì_,AI êº¼ì_,AI êº¼ì_,__ë§  ,AI êº¼ì_,0,0,0,
950,80.9,18,31,1.18,0.13,0,1,0,1,0,24,FALSE,FALSE,0,0,0,0,0,4,AI êº¼ì_,AI êº¼ì_,AI êº¼ì_,AI êº¼ì_,__ë§  ,AI êº¼ì_,0,0,0,
960,79.8,18,32,1.17,0.13,0,1,0,1,0,24,FALSE,FALSE,0,0,0,0,0,4,AI êº¼ì_,AI êº¼ì_,AI êº¼ì_,AI êº¼ì_,__ë§  ,AI êº¼ì_,0,0,0,
970,79.1,18,31,1.16,0.13,0,1,0,1,0,24,FALSE,FALSE,0,0,0,0,0,4,AI êº¼ì_,AI êº¼ì_,AI êº¼ì_,AI êº¼ì_,__ë§  ,AI êº¼ì_,0,0,0,
980,78.4,18,31,1.15,0.13,0,1,0,1,0,24,FALSE,FALSE,0,0,0,0,0,4,AI êº¼ì_,AI êº¼ì_,AI êº¼ì_,AI êº¼ì_,__ë§  ,AI êº¼ì_,0,0,0,
990,77.5,18,31,1.14,0.13,0,1,0,1,0,24,FALSE,FALSE,0,0,0,0,0,4,AI êº¼ì_,AI êº¼ì_,AI êº¼ì_,AI êº¼ì_,__ë§  ,AI êº¼ì_,0,0,0,
1000,75.9,18,32,1.12,0.13,0,1,0,1,0,24,FALSE,FALSE,0,0,0,0,0,4,AI êº¼ì_,AI êº¼ì_,AI êº¼ì_,AI êº¼ì_,__ë§  ,AI êº¼ì_,0,0,0,
1010,75,18,32,1.1,0.13,0,1,0,1,0,24,FALSE,FALSE,0,0,0,0,0,4,AI êº¼ì_,AI êº¼ì_,AI êº¼ì_,AI êº¼ì_,__ë§  ,AI êº¼ì_,0,0,0,
1020,74,18,32,1.09,0.13,0,1,0,1,0,24,FALSE,FALSE,0,0,0,0,0,4,AI êº¼ì_,AI êº¼ì_,AI êº¼ì_,AI êº¼ì_,__ë§  ,AI êº¼ì_,0,0,0,
1030,72.8,18,31,1.08,0.13,0,1,0,1,0,24,FALSE,FALSE,0,0,0,0,0,4,AI êº¼ì_,AI êº¼ì_,AI êº¼ì_,AI êº¼ì_,__ë§  ,AI êº¼ì_,0,0,0,
1040,71.7,18,31,1.06,0.13,0,1,0,1,0,25,FALSE,FALSE,0,0,0,0,0,4,AI êº¼ì_,AI êº¼ì_,AI êº¼ì_,AI êº¼ì_,__ë§  ,AI êº¼ì_,0,0,0,
1050,70.8,18,31,1.05,0.13,0,1,0,1,0,25,FALSE,FALSE,0,0,0,0,0,4,AI êº¼ì_,AI êº¼ì_,AI êº¼ì_,AI êº¼ì_,__ë§  ,AI êº¼ì_,0,0,0,
1060,69.2,18,31,1.03,0.13,0,1,0,1,0,25,FALSE,FALSE,0,0,0,0,0,4,AI êº¼ì_,AI êº¼ì_,AI êº¼ì_,AI êº¼ì_,__ë§  ,AI êº¼ì_,0,0,0,
1070,68.1,18,31,1.01,0.13,0,1,0,1,0,25,FALSE,FALSE,0,0,0,0,0,4,AI êº¼ì_,AI êº¼ì_,AI êº¼ì_,AI êº¼ì_,__ë§  ,AI êº¼ì_,0,0,0,
1080,67.1,18,32,1,0.13,0,1,0,1,0,25,FALSE,FALSE,0,0,0,0,0,4,AI êº¼ì_,AI êº¼ì_,AI êº¼ì_,AI êº¼ì_,__ë§  ,AI êº¼ì_,0,0,0,
1090,66.1,18,31,0.9899999,0.13,0,1,0,1,0,25,FALSE,FALSE,0,0,0,0,0,4,AI êº¼ì_,AI êº¼ì_,AI êº¼ì_,AI êº¼ì_,__ë§  ,AI êº¼ì_,0,0,0,
1100,64.5,18,31,0.97,0.13,0,1,0,1,0,25,FALSE,FALSE,0,0,0,0,0,4,AI êº¼ì_,AI êº¼ì_,AI êº¼ì_,AI êº¼ì_,__ë§  ,AI êº¼ì_,0,0,0,
1110,63.7,18,31,0.96,0.13,0,1,0,1,0,25,FALSE,FALSE,0,0,0,0,0,4,AI êº¼ì_,AI êº¼ì_,AI êº¼ì_,AI êº¼ì_,__ë§  ,AI êº¼ì_,0,0,0,
1120,62.8,18,32,0.94,0.13,0,1,0,1,0,25,FALSE,FALSE,0,0,0,0,0,4,AI êº¼ì_,AI êº¼ì_,AI êº¼ì_,AI êº¼ì_,__ë§  ,AI êº¼ì_,0,0,0,
1130,62,18,32,0.93,0.13,0,1,0,1,0,25,FALSE,FALSE,0,0,0,0,0,4,AI êº¼ì_,AI êº¼ì_,AI êº¼ì_,AI êº¼ì_,__ë§  ,AI êº¼ì_,0,0,0,
1140,61.4,18,32,0.93,0.13,0,1,0,1,0,25,FALSE,FALSE,0,0,0,0,0,4,AI êº¼ì_,AI êº¼ì_,AI êº¼ì_,AI êº¼ì_,__ë§  ,AI êº¼ì_,0,0,0,
1150,61,18,31,0.92,0.13,0,1,0,1,0,25,FALSE,FALSE,0,0,0,0,0,4,AI êº¼ì_,AI êº¼ì_,AI êº¼ì_,AI êº¼ì_,__ë§  ,AI êº¼ì_,0,0,0,
1160,60.1,18,32,0.91,0.13,0,1,0,1,0,25,FALSE,FALSE,0,0,0,0,0,4,AI êº¼ì_,AI êº¼ì_,AI êº¼ì_,AI êº¼ì_,__ë§  ,AI êº¼ì_,0,0,0,
1170,58.8,18,32,0.89,0.13,0,1,0,1,0,25,FALSE,FALSE,0,0,0,0,0,4,AI êº¼ì_,AI êº¼ì_,AI êº¼ì_,AI êº¼ì_,__ë§  ,AI êº¼ì_,0,0,0,
1180,57.6,18,32,0.88,0.13,0,1,0,1,0,25,FALSE,FALSE,0,0,0,0,0,4,AI êº¼ì_,AI êº¼ì_,AI êº¼ì_,AI êº¼ì_,__ë§  ,AI êº¼ì_,0,0,0,
1190,56.7,18,32,0.86,0.13,0,1,0,1,0,25,FALSE,FALSE,0,0,0,0,0,4,AI êº¼ì_,AI êº¼ì_,AI êº¼ì_,AI êº¼ì_,__ë§  ,AI êº¼ì_,0,0,0,
1200,55.7,18,32,0.85,0.13,0,1,0,1,0,25,FALSE,FALSE,0,0,0,0,0,4,AI êº¼ì_,AI êº¼ì_,AI êº¼ì_,AI êº¼ì_,__ë§  ,AI êº¼ì_,0,0,0,
1210,54.5,18,31,0.84,0.13,0,1,0,1,0,25,FALSE,FALSE,0,0,0,0,0,4,AI êº¼ì_,AI êº¼ì_,AI êº¼ì_,AI êº¼ì_,__ë§  ,AI êº¼ì_,0,0,0,
1220,53.7,18,31,0.83,0.13,0,1,0,1,0,25,FALSE,FALSE,0,0,0,0,0,4,AI êº¼ì_,AI êº¼ì_,AI êº¼ì_,AI êº¼ì_,__ë§  ,AI êº¼ì_,0,0,0,
1230,52.7,18,31,0.81,0.13,0,1,0,1,0,25,FALSE,FALSE,0,0,0,0,0,4,AI êº¼ì_,AI êº¼ì_,AI êº¼ì_,AI êº¼ì_,__ë§  ,AI êº¼ì_,0,0,0,
1240,52,18,32,0.8,0.13,0,1,0,1,0,25,FALSE,FALSE,0,0,0,0,0,4,AI êº¼ì_,AI êº¼ì_,AI êº¼ì_,AI êº¼ì_,__ë§  ,AI êº¼ì_,0,0,0,
1250,51.5,18,32,0.8,0.13,0,1,0,1,0,25,FALSE,FALSE,0,0,0,0,0,4,AI êº¼ì_,AI êº¼ì_,AI êº¼ì_,AI êº¼ì_,__ë§  ,AI êº¼ì_,0,0,0,
1260,50.6,18,32,0.79,0.13,0,1,0,1,0,26,FALSE,FALSE,0,0,0,0,0,4,AI êº¼ì_,AI êº¼ì_,AI êº¼ì_,AI êº¼ì_,__ë§  ,AI êº¼ì_,0,0,0,
1270,49.6,18,32,0.77,0.13,0,1,0,1,0,26,FALSE,FALSE,0,0,0,0,0,4,AI êº¼ì_,AI êº¼ì_,AI êº¼ì_,AI êº¼ì_,__ë§  ,AI êº¼ì_,0,0,0,
1280,48.3,18,32,0.76,0.13,0,1,0,1,0,26,FALSE,FALSE,0,0,0,0,0,4,AI êº¼ì_,AI êº¼ì_,AI êº¼ì_,AI êº¼ì_,__ë§  ,AI êº¼ì_,0,0,0,
1290,48.2,18,32,0.75,0.13,0,1,0,1,0,26,FALSE,FALSE,0,0,0,0,0,4,AI êº¼ì_,AI êº¼ì_,AI êº¼ì_,AI êº¼ì_,__ë§  ,AI êº¼ì_,0,0,0,
1300,47.9,18,32,0.75,0.13,0,1,0,1,0,26,FALSE,FALSE,0,0,0,0,0,3.99,AI êº¼ì_,AI êº¼ì_,AI êº¼ì_,AI êº¼ì_,__ë§  ,AI êº¼ì_,0,0,0,
1310,46.8,18,32,0.73,0.13,0,2,0,1,0,26,FALSE,FALSE,0,0,0,0,0,4,AI êº¼ì_,AI êº¼ì_,AI êº¼ì_,AI êº¼ì_,__ë§  ,AI êº¼ì_,0,0,0,
1320,46.2,18,33,0.73,0.13,0,2,0,1,0,26,FALSE,FALSE,0,0,0,0,0,3.99,AI êº¼ì_,AI êº¼ì_,AI êº¼ì_,AI êº¼ì_,__ë§  ,AI êº¼ì_,0,0,0,
1330,45.2,18,32,0.72,0.13,0,2,0,1,0,26,FALSE,FALSE,0,0,0,0,0,4,AI êº¼ì_,AI êº¼ì_,AI êº¼ì_,AI êº¼ì_,__ë§  ,AI êº¼ì_,0,0,0,
1340,44.3,18,32,0.7,0.13,0,2,0,1,0,26,FALSE,FALSE,0,0,0,0,0,3.99,AI êº¼ì_,AI êº¼ì_,AI êº¼ì_,AI êº¼ì_,__ë§  ,AI êº¼ì_,0,0,0,
1350,42.6,18,32,0.68,0.13,0,2,0,1,0,26,FALSE,FALSE,0,0,0,0,0,4,AI êº¼ì_,AI êº¼ì_,AI êº¼ì_,AI êº¼ì_,__ë§  ,AI êº¼ì_,0,0,0,
1360,41.6,18,32,0.67,0.13,0,2,0,1,0,26,FALSE,FALSE,0,0,0,0,0,4,AI êº¼ì_,AI êº¼ì_,AI êº¼ì_,AI êº¼ì_,__ë§  ,AI êº¼ì_,0,0,0,
1370,41.5,18,32,0.67,0.13,0,1,0,1,0,26,FALSE,FALSE,0,0,0,0,0,3.99,AI êº¼ì_,AI êº¼ì_,AI êº¼ì_,AI êº¼ì_,__ë§  ,AI êº¼ì_,0,0,0,
1380,41.4,18,33,0.67,0.13,0,1,0,1,0,26,FALSE,FALSE,0,0,0,0,0,4,AI êº¼ì_,AI êº¼ì_,AI êº¼ì_,AI êº¼ì_,__ë§  ,AI êº¼ì_,0,0,0,
1390,40.8,18,32,0.66,0.13,0,1,0,1,0,27,FALSE,FALSE,0,0,0,0,0,3.99,AI êº¼ì_,AI êº¼ì_,AI êº¼ì_,AI êº¼ì_,__ë§  ,AI êº¼ì_,0,0,0,
1400,40.7,18,32,0.66,0.13,0,1,0,1,0,27,FALSE,FALSE,0,0,0,0,0,4,AI êº¼ì_,AI êº¼ì_,AI êº¼ì_,AI êº¼ì_,__ë§  ,AI êº¼ì_,0,0,0,
1410,40.2,18,33,0.65,0.13,0,1,0,1,0,27,TRUE,FALSE,0,0,0,0,0,4,AI êº¼ì_,AI êº¼ì_,AI êº¼ì_,AI êº¼ì_,__ë§  ,AI êº¼ì_,0,0,0,
1420,39.3,18,33,0.64,0.13,0,1,0,1,0,27,TRUE,FALSE,0,0,0,0,0,3.99,AI êº¼ì_,AI êº¼ì_,AI êº¼ì_,AI êº¼ì_,__ë§  ,AI êº¼ì_,0,0,0,
1430,38.4,18,33,0.63,0.13,0,2,0,1,0,27,TRUE,FALSE,0,0,0,0,0,4,AI êº¼ì_,AI êº¼ì_,AI êº¼ì_,AI êº¼ì_,__ë§  ,AI êº¼ì_,0,0,0,
1440,38.1,18,33,0.62,0.13,0,1,0,1,0,27,TRUE,FALSE,0,0,0,0,0,4,AI êº¼ì_,AI êº¼ì_,AI êº¼ì_,AI êº¼ì_,__ë§  ,AI êº¼ì_,0,0,0,
1450,38.6,18,33,0.63,0.13,0,1,0,1,0,27,TRUE,FALSE,0,0,0,0,0,3.99,AI êº¼ì_,AI êº¼ì_,AI êº¼ì_,AI êº¼ì_,__ë§  ,AI êº¼ì_,0,0,0,
1460,38.2,18,33,1.55,0.32,0,1,0,1,0,27,FALSE,FALSE,0,0,0,0,0,3.99,AI êº¼ì_,AI êº¼ì_,AI êº¼ì_,AI êº¼ì_,__ë§  ,AI êº¼ì_,0,0,0,
1470,38.9,18,33,1.56,0.32,0,1,0,1,0,27,FALSE,FALSE,0,0,0,0,0,4,AI êº¼ì_,AI êº¼ì_,AI êº¼ì_,AI êº¼ì_,__ë§  ,AI êº¼ì_,0,0,0,
1480,38.9,18,34,1.57,0.32,0,1,0,1,0,27,FALSE,FALSE,0,0,0,0,0,3.99,AI êº¼ì_,AI êº¼ì_,AI êº¼ì_,AI êº¼ì_,__ë§  ,AI êº¼ì_,0,0,0,
1490,38.6,18,34,1.55,0.32,0,1,0,1,0,27,FALSE,FALSE,0,0,0,0,0,4,AI êº¼ì_,AI êº¼ì_,AI êº¼ì_,AI êº¼ì_,__ë§  ,AI êº¼ì_,0,0,0,
1500,38,18,34,1.54,0.32,0,1,0,1,0,27,FALSE,FALSE,0,0,0,0,0,3.99,AI êº¼ì_,AI êº¼ì_,AI êº¼ì_,AI êº¼ì_,__ë§  ,AI êº¼ì_,0,0,0,
1510,37.5,18,33,1.52,0.32,0,1,0,1,0,27,FALSE,FALSE,0,0,0,0,0,4,AI êº¼ì_,AI êº¼ì_,AI êº¼ì_,AI êº¼ì_,__ë§  ,AI êº¼ì_,0,0,0,
1520,36.8,18,33,1.49,0.32,0,1,0,1,0,27,FALSE,FALSE,0,0,0,0,0,4,AI êº¼ì_,AI êº¼ì_,AI êº¼ì_,AI êº¼ì_,__ë§  ,AI êº¼ì_,0,0,0,
1530,36.5,18,33,1.48,0.32,0,1,0,1,0,27,FALSE,FALSE,0,0,0,0,0,4,AI êº¼ì_,AI êº¼ì_,AI êº¼ì_,AI êº¼ì_,__ë§  ,AI êº¼ì_,0,0,0,
1540,36,18,34,1.47,0.32,0,1,0,1,0,27,FALSE,FALSE,0,0,0,0,0,4,AI êº¼ì_,AI êº¼ì_,AI êº¼ì_,AI êº¼ì_,__ë§  ,AI êº¼ì_,0,0,0,
1550,35.8,18,34,1.46,0.32,0,1,0,1,0,27,FALSE,FALSE,0,0,0,0,0,3.99,AI êº¼ì_,AI êº¼ì_,AI êº¼ì_,AI êº¼ì_,__ë§  ,AI êº¼ì_,0,0,0,
1560,35.5,18,34,1.45,0.32,0,1,0,1,0,27,FALSE,FALSE,0,0,0,0,0,4,AI êº¼ì_,AI êº¼ì_,AI êº¼ì_,AI êº¼ì_,__ë§  ,AI êº¼ì_,0,0,0,
1570,34.6,18,33,1.43,0.32,0,1,0,1,0,27,FALSE,FALSE,0,0,0,0,0,4,AI êº¼ì_,AI êº¼ì_,AI êº¼ì_,AI êº¼ì_,__ë§  ,AI êº¼ì_,0,0,0,
1580,34.3,18,33,1.42,0.32,0,1,0,1,0,27,FALSE,FALSE,0,0,0,0,0,4,AI êº¼ì_,AI êº¼ì_,AI êº¼ì_,AI êº¼ì_,__ë§  ,AI êº¼ì_,0,0,0,
1590,34.4,18,33,1.42,0.32,0,1,0,1,0,27,FALSE,FALSE,0,0,0,0,0,3.99,AI êº¼ì_,AI êº¼ì_,AI êº¼ì_,AI êº¼ì_,__ë§  ,AI êº¼ì_,0,0,0,
1600,33.9,18,33,1.4,0.32,0,1,0,1,0,27,FALSE,FALSE,0,0,0,0,0,4,AI êº¼ì_,AI êº¼ì_,AI êº¼ì_,AI êº¼ì_,__ë§  ,AI êº¼ì_,0,0,0,
1610,34.2,15,34,1.41,0.32,0,3,0,1,0,27,FALSE,FALSE,0,0,0,0,0,4,AI êº¼ì_,AI êº¼ì_,AI êº¼ì_,AI êº¼ì_,__ë§  ,AI êº¼ì_,0,0,0,
1620,33.9,15,34,1.4,0.32,0,3,0,1,0,27,FALSE,FALSE,0,0,0,0,0,3.99,AI êº¼ì_,AI êº¼ì_,AI êº¼ì_,AI êº¼ì_,__ë§  ,AI êº¼ì_,0,0,0,
1630,33,15,34,1.38,0.32,0,3,0,1,0,27,FALSE,FALSE,0,0,0,0,0,3.99,AI êº¼ì_,AI êº¼ì_,AI êº¼ì_,AI êº¼ì_,__ë§  ,AI êº¼ì_,0,0,0,
1640,32.4,15,33,1.35,0.32,0,3,0,1,0,27,FALSE,FALSE,0,0,0,0,0,3.99,AI êº¼ì_,AI êº¼ì_,AI êº¼ì_,AI êº¼ì_,__ë§  ,AI êº¼ì_,0,0,0,
1650,32,15,33,1.33,0.32,0,3,0,1,0,27,FALSE,FALSE,0,0,0,0,0,4,AI êº¼ì_,AI êº¼ì_,AI êº¼ì_,AI êº¼ì_,__ë§  ,AI êº¼ì_,0,0,0,
1660,31.9,15,33,1.34,0.32,0,2,0,1,0,27,FALSE,FALSE,0,0,0,0,0,4,AI êº¼ì_,AI êº¼ì_,AI êº¼ì_,AI êº¼ì_,__ë§  ,AI êº¼ì_,0,0,0,
1670,31.3,15,33,1.32,0.32,0,2,0,1,0,27,FALSE,FALSE,0,0,0,0,0,3.99,AI êº¼ì_,AI êº¼ì_,AI êº¼ì_,AI êº¼ì_,__ë§  ,AI êº¼ì_,0,0,0,
1680,30.9,15,34,1.3,0.32,0,2,0,1,0,27,FALSE,FALSE,0,0,0,0,0,4,AI êº¼ì_,AI êº¼ì_,AI êº¼ì_,AI êº¼ì_,__ë§  ,AI êº¼ì_,0,0,0,
1690,30.4,15,34,1.29,0.32,0,2,0,1,0,27,FALSE,FALSE,0,0,0,0,0,3.99,AI êº¼ì_,AI êº¼ì_,AI êº¼ì_,AI êº¼ì_,__ë§  ,AI êº¼ì_,0,0,0,
1700,29.8,15,33,1.28,0.32,0,2,0,1,0,27,FALSE,FALSE,0,0,0,0,0,4,AI êº¼ì_,AI êº¼ì_,AI êº¼ì_,AI êº¼ì_,__ë§  ,AI êº¼ì_,0,0,0,
1710,30,15,33,1.28,0.32,0,2,0,1,0,27,FALSE,FALSE,0,0,0,0,0,3.99,AI êº¼ì_,AI êº¼ì_,AI êº¼ì_,AI êº¼ì_,__ë§  ,AI êº¼ì_,0,0,0,
1720,30,15,33,1.28,0.32,0,2,0,1,0,27,FALSE,FALSE,0,0,0,0,0,4,AI êº¼ì_,AI êº¼ì_,AI êº¼ì_,AI êº¼ì_,__ë§  ,AI êº¼ì_,0,0,0,
1730,29,15,33,1.24,0.32,0,2,0,1,0,27,FALSE,FALSE,0,0,0,0,0,3.99,AI êº¼ì_,AI êº¼ì_,AI êº¼ì_,AI êº¼ì_,__ë§  ,AI êº¼ì_,0,0,0,
1740,29.2,15,34,1.24,0.32,0,2,0,1,0,27,FALSE,FALSE,0,0,0,0,0,3.99,AI êº¼ì_,AI êº¼ì_,AI êº¼ì_,AI êº¼ì_,__ë§  ,AI êº¼ì_,0,0,0,
1750,29.2,15,34,1.25,0.32,0,2,0,1,0,27,FALSE,FALSE,0,0,0,0,0,3.99,AI êº¼ì_,AI êº¼ì_,AI êº¼ì_,AI êº¼ì_,__ë§  ,AI êº¼ì_,0,0,0,
1760,29.3,15,33,1.25,0.32,0,2,0,1,0,27,FALSE,FALSE,0,0,0,0,0,3.99,AI êº¼ì_,AI êº¼ì_,AI êº¼ì_,AI êº¼ì_,__ë§  ,AI êº¼ì_,0,0,0,
1770,29.3,15,33,1.26,0.32,0,2,0,1,0,27,FALSE,FALSE,0,0,0,0,0,3.99,AI êº¼ì_,AI êº¼ì_,AI êº¼ì_,AI êº¼ì_,__ë§  ,AI êº¼ì_,0,0,0,
1780,29,15,33,1.25,0.32,0,2,0,1,0,27,FALSE,FALSE,0,0,0,0,0,3.99,AI êº¼ì_,AI êº¼ì_,AI êº¼ì_,AI êº¼ì_,__ë§  ,AI êº¼ì_,0,0,0,
1790,28.4,15,33,1.23,0.32,0,2,0,1,0,27,FALSE,FALSE,0,0,0,0,0,3.99,AI êº¼ì_,AI êº¼ì_,AI êº¼ì_,AI êº¼ì_,__ë§  ,AI êº¼ì_,0,0,0,
1800,27.8,15,33,1.21,0.32,0,1,0,1,0,27,FALSE,FALSE,0,0,0,0,0,3.99,AI êº¼ì_,AI êº¼ì_,AI êº¼ì_,AI êº¼ì_,__ë§  ,AI êº¼ì_,0,0,0,
1810,27.3,15,33,1.19,0.32,0,1,0,1,0,27,FALSE,FALSE,0,0,0,0,0,3.99,AI êº¼ì_,AI êº¼ì_,AI êº¼ì_,AI êº¼ì_,__ë§  ,AI êº¼ì_,0,0,0,
1820,26.8,15,32,1.18,0.32,0,1,0,1,0,27,FALSE,FALSE,0,0,0,0,0,3.99,AI êº¼ì_,AI êº¼ì_,AI êº¼ì_,AI êº¼ì_,__ë§  ,AI êº¼ì_,0,0,0,
1830,25.7,15,32,1.15,0.32,0,1,0,1,0,27,FALSE,FALSE,0,0,0,0,0,3.99,AI êº¼ì_,AI êº¼ì_,AI êº¼ì_,AI êº¼ì_,__ë§  ,AI êº¼ì_,0,0,0,
1840,24.9,15,32,1.12,0.32,0,1,0,1,0,27,FALSE,FALSE,0,0,0,0,0,3.99,AI êº¼ì_,AI êº¼ì_,AI êº¼ì_,AI êº¼ì_,__ë§  ,AI êº¼ì_,0,0,0,
1850,24.8,15,32,1.11,0.32,0,1,0,1,0,27,FALSE,FALSE,0,0,0,0,0,3.99,AI êº¼ì_,AI êº¼ì_,AI êº¼ì_,AI êº¼ì_,__ë§  ,AI êº¼ì_,0,0,0,
1860,24.3,15,33,1.09,0.32,0,1,0,1,0,27,FALSE,FALSE,0,0,0,0,0,3.99,AI êº¼ì_,AI êº¼ì_,AI êº¼ì_,AI êº¼ì_,__ë§  ,AI êº¼ì_,0,0,0,
1870,23.6,15,33,1.07,0.32,0,1,0,1,0,27,FALSE,FALSE,0,0,0,0,0,3.99,AI êº¼ì_,AI êº¼ì_,AI êº¼ì_,AI êº¼ì_,__ë§  ,AI êº¼ì_,0,0,0,
1880,22.8,15,32,1.05,0.32,0,1,0,1,0,27,FALSE,FALSE,0,0,0,0,0,3.99,AI êº¼ì_,AI êº¼ì_,AI êº¼ì_,AI êº¼ì_,__ë§  ,AI êº¼ì_,0,0,0,
1890,22.1,15,32,1.03,0.32,0,1,0,1,0,27,TRUE,FALSE,0,0,0,0,0,3.99,AI êº¼ì_,AI êº¼ì_,AI êº¼ì_,AI êº¼ì_,__ë§  ,AI êº¼ì_,0,0,0,
1900,22.2,15,32,1.03,0.32,0,1,0,1,0,27,TRUE,FALSE,0,0,0,0,0,3.99,AI êº¼ì_,AI êº¼ì_,AI êº¼ì_,AI êº¼ì_,__ë§  ,AI êº¼ì_,0,0,0,
1910,21.8,15,32,1.01,0.32,0,1,0,1,0,27,TRUE,FALSE,0,0,0,0,0,3.99,AI êº¼ì_,AI êº¼ì_,AI êº¼ì_,AI êº¼ì_,__ë§  ,AI êº¼ì_,0,0,0,
1920,21.4,15,32,1,0.32,0,1,0,1,0,27,TRUE,FALSE,0,0,0,0,0,3.99,AI êº¼ì_,AI êº¼ì_,AI êº¼ì_,AI êº¼ì_,__ë§  ,AI êº¼ì_,0,0,0,
1930,21,15,32,0.98,0.32,0,1,0,1,0,27,TRUE,FALSE,0,0,0,0,0,3.99,AI êº¼ì_,AI êº¼ì_,AI êº¼ì_,AI êº¼ì_,__ë§  ,AI êº¼ì_,0,0,0,
1940,20.9,12,32,0.9899999,0.32,0,5,0,1,0,27,TRUE,FALSE,0,0,0,0,0,3.99,AI êº¼ì_,AI êº¼ì_,AI êº¼ì_,AI êº¼ì_,__ë§  ,AI êº¼ì_,0,0,0,
1950,20.7,12,33,0.97,0.32,0,5,0,1,0,27,TRUE,FALSE,0,0,0,0,0,3.99,AI êº¼ì_,AI êº¼ì_,AI êº¼ì_,AI êº¼ì_,__ë§  ,AI êº¼ì_,0,0,0,
1960,20.4,12,32,0.97,0.32,0,5,0,1,0,27,TRUE,FALSE,0,0,0,0,0,3.99,AI êº¼ì_,AI êº¼ì_,AI êº¼ì_,AI êº¼ì_,__ë§  ,AI êº¼ì_,0,0,0,
1970,19.6,12,32,0.95,0.32,0,4,0,1,0,27,TRUE,FALSE,0,0,0,0,0,3.99,AI êº¼ì_,AI êº¼ì_,AI êº¼ì_,AI êº¼ì_,__ë§  ,AI êº¼ì_,0,0,0,
1980,19.7,12,32,0.95,0.32,0,4,0,1,0,27,TRUE,FALSE,0,0,0,0,0,3.99,AI êº¼ì_,AI êº¼ì_,AI êº¼ì_,AI êº¼ì_,__ë§  ,AI êº¼ì_,0,0,0,
1990,19.8,12,32,0.95,0.32,0,4,0,1,0,27,TRUE,FALSE,0,0,0,0,0,3.99,AI êº¼ì_,AI êº¼ì_,AI êº¼ì_,AI êº¼ì_,__ë§  ,AI êº¼ì_,0,0,0,
2000,20.3,12,32,0.97,0.32,0,4,0,1,0,27,TRUE,FALSE,0,0,0,0,0,3.99,AI êº¼ì_,AI êº¼ì_,AI êº¼ì_,AI êº¼ì_,__ë§  ,AI êº¼ì_,0,0,0,
2010,20.1,12,32,0.96,0.32,0,4,0,1,0,27,TRUE,FALSE,0,0,0,0,0,3.99,AI êº¼ì_,AI êº¼ì_,AI êº¼ì_,AI êº¼ì_,__ë§  ,AI êº¼ì_,0,0,0,
2020,20.3,12,31,1.51,0.5,0,4,0,1,0,27,FALSE,FALSE,0,0,0,0,0,4,AI êº¼ì_,AI êº¼ì_,AI êº¼ì_,AI êº¼ì_,__ë§  ,AI êº¼ì_,0,0,0,
2030,20,12,31,1.49,0.5,0,4,0,1,0,27,FALSE,FALSE,0,0,0,0,0,3.99,AI êº¼ì_,AI êº¼ì_,AI êº¼ì_,AI êº¼ì_,__ë§  ,AI êº¼ì_,0,0,0,
2040,20.2,12,31,1.5,0.5,0,4,0,1,0,27,FALSE,FALSE,0,0,0,0,0,3.99,AI êº¼ì_,AI êº¼ì_,AI êº¼ì_,AI êº¼ì_,__ë§  ,AI êº¼ì_,0,0,0,
2050,19.5,12,31,1.47,0.5,0,3,0,1,0,27,FALSE,FALSE,0,0,0,0,0,3.99,AI êº¼ì_,AI êº¼ì_,AI êº¼ì_,AI êº¼ì_,__ë§  ,AI êº¼ì_,0,0,0,
2060,19.3,12,31,1.45,0.5,0,3,0,1,0,27,FALSE,FALSE,0,0,0,0,0,3.99,AI êº¼ì_,AI êº¼ì_,AI êº¼ì_,AI êº¼ì_,__ë§  ,AI êº¼ì_,0,0,0,
2070,19.3,12,31,1.46,0.5,0,3,0,1,0,27,FALSE,FALSE,0,0,0,0,0,3.99,AI êº¼ì_,AI êº¼ì_,AI êº¼ì_,AI êº¼ì_,__ë§  ,AI êº¼ì_,0,0,0,
2080,19.3,12,31,1.46,0.5,0,3,0,1,0,27,FALSE,FALSE,0,0,0,0,0,3.99,AI êº¼ì_,AI êº¼ì_,AI êº¼ì_,AI êº¼ì_,__ë§  ,AI êº¼ì_,0,0,0,
2090,18.4,12,31,1.43,0.5,0,3,0,1,0,27,FALSE,FALSE,0,0,0,0,0,3.99,AI êº¼ì_,AI êº¼ì_,AI êº¼ì_,AI êº¼ì_,__ë§  ,AI êº¼ì_,0,0,0,
2100,17.9,12,31,1.39,0.5,0,3,0,1,0,27,FALSE,FALSE,0,0,0,0,0,3.99,AI êº¼ì_,AI êº¼ì_,AI êº¼ì_,AI êº¼ì_,__ë§  ,AI êº¼ì_,0,0,0,
2110,17.5,12,31,1.37,0.5,0,3,0,1,0,27,FALSE,FALSE,0,0,0,0,0,3.99,AI êº¼ì_,AI êº¼ì_,AI êº¼ì_,AI êº¼ì_,__ë§  ,AI êº¼ì_,0,0,0,
2120,18.4,12,31,1.41,0.5,0,3,0,1,0,27,FALSE,FALSE,0,0,0,0,0,3.99,AI êº¼ì_,AI êº¼ì_,AI êº¼ì_,AI êº¼ì_,__ë§  ,AI êº¼ì_,0,0,0,
2130,18.2,12,31,1.41,0.5,0,2,0,1,0,27,FALSE,FALSE,0,0,0,0,0,3.99,AI êº¼ì_,AI êº¼ì_,AI êº¼ì_,AI êº¼ì_,__ë§  ,AI êº¼ì_,0,0,0,
2140,18.2,12,30,1.41,0.5,0,2,0,1,0,27,FALSE,FALSE,0,0,0,0,0,3.99,AI êº¼ì_,AI êº¼ì_,AI êº¼ì_,AI êº¼ì_,__ë§  ,AI êº¼ì_,0,0,0,
2150,17.8,12,30,1.39,0.5,0,2,0,1,0,27,FALSE,FALSE,0,0,0,0,0,3.99,AI êº¼ì_,AI êº¼ì_,AI êº¼ì_,AI êº¼ì_,__ë§  ,AI êº¼ì_,0,0,0,
2160,18.5,12,30,1.42,0.5,0,2,0,1,0,27,FALSE,FALSE,0,0,0,0,0,3.99,AI êº¼ì_,AI êº¼ì_,AI êº¼ì_,AI êº¼ì_,__ë§  ,AI êº¼ì_,0,0,0,
2170,18.8,12,30,1.44,0.5,0,2,0,1,0,27,FALSE,FALSE,0,0,0,0,0,3.99,AI êº¼ì_,AI êº¼ì_,AI êº¼ì_,AI êº¼ì_,__ë§  ,AI êº¼ì_,0,0,0,
2180,18.6,12,30,1.42,0.5,0,2,0,1,0,27,FALSE,FALSE,0,0,0,0,0,3.99,AI êº¼ì_,AI êº¼ì_,AI êº¼ì_,AI êº¼ì_,__ë§  ,AI êº¼ì_,0,0,0,
2190,18.9,12,30,1.44,0.5,0,2,0,1,0,27,FALSE,FALSE,0,0,0,0,0,3.99,AI êº¼ì_,AI êº¼ì_,AI êº¼ì_,AI êº¼ì_,__ë§  ,AI êº¼ì_,0,0,0,
2200,18.3,12,29,1.41,0.5,0,1,0,1,0,27,FALSE,FALSE,0,0,0,0,0,3.99,AI êº¼ì_,AI êº¼ì_,AI êº¼ì_,AI êº¼ì_,__ë§  ,AI êº¼ì_,0,0,0,
2210,18.3,12,29,1.41,0.5,0,1,0,1,0,27,FALSE,FALSE,0,0,0,0,0,3.99,AI êº¼ì_,AI êº¼ì_,AI êº¼ì_,AI êº¼ì_,__ë§  ,AI êº¼ì_,0,0,0,
2220,17.9,12,29,1.39,0.5,0,1,0,1,0,27,FALSE,FALSE,0,0,0,0,0,3.99,AI êº¼ì_,AI êº¼ì_,AI êº¼ì_,AI êº¼ì_,__ë§  ,AI êº¼ì_,0,0,0,
2230,17.9,12,29,1.38,0.5,0,1,0,1,0,27,FALSE,FALSE,0,0,0,0,0,3.99,AI êº¼ì_,AI êº¼ì_,AI êº¼ì_,AI êº¼ì_,__ë§  ,AI êº¼ì_,0,0,0,
2240,17.2,12,29,1.36,0.5,0,1,0,1,0,27,FALSE,FALSE,0,0,0,0,0,3.99,AI êº¼ì_,AI êº¼ì_,AI êº¼ì_,AI êº¼ì_,__ë§  ,AI êº¼ì_,0,0,0,
2250,17.1,12,29,1.34,0.5,0,1,0,1,0,27,FALSE,FALSE,0,0,0,0,0,3.99,AI êº¼ì_,AI êº¼ì_,AI êº¼ì_,AI êº¼ì_,__ë§  ,AI êº¼ì_,0,0,0,
2260,17.1,12,28,1.35,0.5,0,1,0,1,0,27,FALSE,FALSE,0,0,0,0,0,3.99,AI êº¼ì_,AI êº¼ì_,AI êº¼ì_,AI êº¼ì_,__ë§  ,AI êº¼ì_,0,0,0,
2270,16.4,12,28,1.32,0.5,0,1,0,1,0,27,FALSE,FALSE,0,0,0,0,0,3.99,AI êº¼ì_,AI êº¼ì_,AI êº¼ì_,AI êº¼ì_,__ë§  ,AI êº¼ì_,0,0,0,
2280,15.6,9,28,1.27,0.5,0,7,0,1,0,27,FALSE,FALSE,0,0,0,0,0,3.99,AI êº¼ì_,AI êº¼ì_,AI êº¼ì_,AI êº¼ì_,__ë§  ,AI êº¼ì_,0,0,0,
2290,15.1,9,28,1.25,0.5,0,7,0,1,0,27,FALSE,FALSE,0,0,0,0,0,3.99,AI êº¼ì_,AI êº¼ì_,AI êº¼ì_,AI êº¼ì_,__ë§  ,AI êº¼ì_,0,0,0,
2300,14.6,9,28,1.23,0.5,0,6,0,1,0,27,FALSE,FALSE,0,0,0,0,0,3.99,AI êº¼ì_,AI êº¼ì_,AI êº¼ì_,AI êº¼ì_,__ë§  ,AI êº¼ì_,0,0,0,
2310,15.4,9,28,1.26,0.5,0,6,0,1,0,27,FALSE,FALSE,0,0,0,0,0,3.99,AI êº¼ì_,AI êº¼ì_,AI êº¼ì_,AI êº¼ì_,__ë§  ,AI êº¼ì_,0,0,0,
2320,16.1,9,28,1.3,0.5,0,6,0,1,0,27,FALSE,FALSE,0,0,0,0,0,3.99,AI êº¼ì_,AI êº¼ì_,AI êº¼ì_,AI êº¼ì_,__ë§  ,AI êº¼ì_,0,0,0,
2330,16.3,9,28,1.31,0.5,0,6,0,1,0,27,FALSE,FALSE,0,0,0,0,0,3.99,AI êº¼ì_,AI êº¼ì_,AI êº¼ì_,AI êº¼ì_,__ë§  ,AI êº¼ì_,0,0,0,
2340,16.3,9,27,1.31,0.5,0,6,0,1,0,27,FALSE,FALSE,0,0,0,0,0,3.99,AI êº¼ì_,AI êº¼ì_,AI êº¼ì_,AI êº¼ì_,__ë§  ,AI êº¼ì_,0,0,0,
2350,16.7,9,27,1.33,0.5,0,6,0,1,0,27,FALSE,FALSE,0,0,0,0,0,3.99,AI êº¼ì_,AI êº¼ì_,AI êº¼ì_,AI êº¼ì_,__ë§  ,AI êº¼ì_,0,0,0,
2360,15.8,9,28,1.29,0.5,0,6,0,1,0,28,FALSE,FALSE,0,0,0,0,0,3.99,AI êº¼ì_,AI êº¼ì_,AI êº¼ì_,AI êº¼ì_,__ë§  ,AI êº¼ì_,0,0,0,
2370,15.8,9,27,1.29,0.5,0,5,0,1,0,28,FALSE,FALSE,0,0,0,0,0,3.99,AI êº¼ì_,AI êº¼ì_,AI êº¼ì_,AI êº¼ì_,__ë§  ,AI êº¼ì_,0,0,0,
2380,15.5,9,27,1.27,0.5,0,5,0,1,0,28,FALSE,FALSE,0,0,0,0,0,3.99,AI êº¼ì_,AI êº¼ì_,AI êº¼ì_,AI êº¼ì_,__ë§  ,AI êº¼ì_,0,0,0,
2390,15.3,9,27,1.27,0.5,0,5,0,1,0,28,FALSE,FALSE,0,0,0,0,0,3.99,AI êº¼ì_,AI êº¼ì_,AI êº¼ì_,AI êº¼ì_,__ë§  ,AI êº¼ì_,0,0,0,
2400,14.8,9,26,1.24,0.5,0,5,0,1,0,28,FALSE,FALSE,0,0,0,0,0,3.99,AI êº¼ì_,AI êº¼ì_,AI êº¼ì_,AI êº¼ì_,__ë§  ,AI êº¼ì_,0,0,0,
2410,14.9,9,27,1.24,0.5,0,5,0,1,0,27,FALSE,FALSE,0,0,0,0,0,3.99,AI êº¼ì_,AI êº¼ì_,AI êº¼ì_,AI êº¼ì_,__ë§  ,AI êº¼ì_,0,0,0,
2420,14.5,9,27,1.22,0.5,0,5,0,1,0,27,FALSE,FALSE,0,0,0,0,0,3.99,AI êº¼ì_,AI êº¼ì_,AI êº¼ì_,AI êº¼ì_,__ë§  ,AI êº¼ì_,0,0,0,
2430,13.9,9,27,1.2,0.5,0,5,0,1,0,27,FALSE,FALSE,0,0,0,0,0,3.99,AI êº¼ì_,AI êº¼ì_,AI êº¼ì_,AI êº¼ì_,__ë§  ,AI êº¼ì_,0,0,0,
2440,13.1,9,27,1.15,0.5,0,5,0,1,0,27,FALSE,FALSE,0,0,0,0,0,3.99,AI êº¼ì_,AI êº¼ì_,AI êº¼ì_,AI êº¼ì_,__ë§  ,AI êº¼ì_,0,0,0,
2450,12.7,9,27,1.13,0.5,0,5,0,1,0,27,FALSE,FALSE,0,0,0,0,0,3.99,AI êº¼ì_,AI êº¼ì_,AI êº¼ì_,AI êº¼ì_,__ë§  ,AI êº¼ì_,0,0,0,
2460,13.2,9,25,1.15,0.5,0,4,0,1,0,27,FALSE,FALSE,0,0,0,0,0,3.99,AI êº¼ì_,AI êº¼ì_,AI êº¼ì_,AI êº¼ì_,__ë§  ,AI êº¼ì_,0,0,0,
2470,12.7,9,26,1.13,0.5,0,4,0,1,0,27,FALSE,FALSE,0,0,0,0,0,3.99,AI êº¼ì_,AI êº¼ì_,AI êº¼ì_,AI êº¼ì_,__ë§  ,AI êº¼ì_,0,0,0,
2480,12.5,9,26,1.12,0.5,0,4,0,1,0,27,FALSE,FALSE,0,0,0,0,0,3.99,AI êº¼ì_,AI êº¼ì_,AI êº¼ì_,AI êº¼ì_,__ë§  ,AI êº¼ì_,0,0,0,
2490,11.9,9,26,1.09,0.5,0,4,0,1,0,27,FALSE,FALSE,0,0,0,0,0,3.99,AI êº¼ì_,AI êº¼ì_,AI êº¼ì_,AI êº¼ì_,__ë§  ,AI êº¼ì_,0,0,0,
2500,12.1,9,26,1.1,0.5,0,4,0,1,0,27,FALSE,FALSE,0,0,0,0,0,3.99,AI êº¼ì_,AI êº¼ì_,AI êº¼ì_,AI êº¼ì_,__ë§  ,AI êº¼ì_,0,0,0,
2510,12,9,26,1.1,0.5,0,4,0,1,0,28,FALSE,FALSE,0,0,0,0,0,3.99,AI êº¼ì_,AI êº¼ì_,AI êº¼ì_,AI êº¼ì_,__ë§  ,AI êº¼ì_,0,0,0,
2520,11.8,9,25,1.08,0.5,0,4,0,1,0,28,FALSE,FALSE,0,0,0,0,0,3.99,AI êº¼ì_,AI êº¼ì_,AI êº¼ì_,AI êº¼ì_,__ë§  ,AI êº¼ì_,0,0,0,
2530,12.4,9,25,1.11,0.5,0,3,0,1,0,28,FALSE,FALSE,0,0,0,0,0,3.99,AI êº¼ì_,AI êº¼ì_,AI êº¼ì_,AI êº¼ì_,__ë§  ,AI êº¼ì_,0,0,0,
2540,12.9,9,25,1.14,0.5,0,3,0,1,0,28,FALSE,FALSE,0,0,0,0,0,3.99,AI êº¼ì_,AI êº¼ì_,AI êº¼ì_,AI êº¼ì_,__ë§  ,AI êº¼ì_,0,0,0,
2550,12.7,9,25,1.13,0.5,0,3,0,1,0,28,FALSE,FALSE,0,0,0,0,0,3.99,AI êº¼ì_,AI êº¼ì_,AI êº¼ì_,AI êº¼ì_,__ë§  ,AI êº¼ì_,0,0,0,
2560,12.3,9,25,1.12,0.5,0,3,0,1,0,28,FALSE,FALSE,0,0,0,0,0,3.99,AI êº¼ì_,AI êº¼ì_,AI êº¼ì_,AI êº¼ì_,__ë§  ,AI êº¼ì_,0,0,0,
2570,12.9,9,25,1.14,0.5,0,3,0,1,0,28,FALSE,FALSE,0,0,0,0,0,3.99,AI êº¼ì_,AI êº¼ì_,AI êº¼ì_,AI êº¼ì_,__ë§  ,AI êº¼ì_,0,0,0,
2580,12.6,9,24,1.14,0.5,0,3,0,1,0,28,FALSE,FALSE,0,0,0,0,0,3.99,AI êº¼ì_,AI êº¼ì_,AI êº¼ì_,AI êº¼ì_,__ë§  ,AI êº¼ì_,0,0,0,
2590,12.5,9,24,1.12,0.5,0,3,0,1,0,28,FALSE,FALSE,0,0,0,0,0,3.99,AI êº¼ì_,AI êº¼ì_,AI êº¼ì_,AI êº¼ì_,__ë§  ,AI êº¼ì_,0,0,0,
2600,12.6,9,24,1.13,0.5,0,2,0,1,0,28,FALSE,FALSE,0,0,0,0,0,3.99,AI êº¼ì_,AI êº¼ì_,AI êº¼ì_,AI êº¼ì_,__ë§  ,AI êº¼ì_,0,0,0,
2610,13,9,24,1.14,0.5,0,2,0,1,0,28,FALSE,FALSE,0,0,0,0,0,3.99,AI êº¼ì_,AI êº¼ì_,AI êº¼ì_,AI êº¼ì_,__ë§  ,AI êº¼ì_,0,0,0,
2620,12.6,9,24,1.15,0.5,0,2,0,1,0,28,FALSE,FALSE,0,0,0,0,0,3.99,AI êº¼ì_,AI êº¼ì_,AI êº¼ì_,AI êº¼ì_,__ë§  ,AI êº¼ì_,0,0,0,
2630,13.3,9,24,1.16,0.5,0,2,0,1,0,28,FALSE,FALSE,0,0,0,0,0,3.99,AI êº¼ì_,AI êº¼ì_,AI êº¼ì_,AI êº¼ì_,__ë§  ,AI êº¼ì_,0,0,0,
2640,13.4,9,23,1.17,0.5,0,2,0,1,0,28,FALSE,FALSE,0,0,0,0,0,3.99,AI êº¼ì_,AI êº¼ì_,AI êº¼ì_,AI êº¼ì_,__ë§  ,AI êº¼ì_,0,0,0,
2650,13.4,9,23,1.17,0.5,0,2,0,1,0,28,FALSE,FALSE,0,0,0,0,0,3.99,AI êº¼ì_,AI êº¼ì_,AI êº¼ì_,AI êº¼ì_,__ë§  ,AI êº¼ì_,0,0,0,
2660,13.1,9,23,1.16,0.5,0,1,0,1,0,28,FALSE,FALSE,0,0,0,0,0,3.99,AI êº¼ì_,AI êº¼ì_,AI êº¼ì_,AI êº¼ì_,__ë§  ,AI êº¼ì_,0,0,0,
2670,13.5,9,23,1.17,0.5,0,1,0,1,0,28,FALSE,FALSE,0,0,0,0,0,3.99,AI êº¼ì_,AI êº¼ì_,AI êº¼ì_,AI êº¼ì_,__ë§  ,AI êº¼ì_,0,0,0,
2680,13.6,9,23,1.18,0.5,0,1,0,1,0,28,FALSE,FALSE,0,0,0,0,0,3.99,AI êº¼ì_,AI êº¼ì_,AI êº¼ì_,AI êº¼ì_,__ë§  ,AI êº¼ì_,0,0,0,
2690,13.3,9,23,1.16,0.5,0,1,0,1,0,28,FALSE,FALSE,0,0,0,0,0,3.99,AI êº¼ì_,AI êº¼ì_,AI êº¼ì_,AI êº¼ì_,__ë§  ,AI êº¼ì_,0,0,0,
2700,12.9,9,22,1.15,0.5,0,1,0,1,0,28,FALSE,FALSE,0,0,0,0,0,3.99,AI êº¼ì_,AI êº¼ì_,AI êº¼ì_,AI êº¼ì_,__ë§  ,AI êº¼ì_,0,0,0,
2710,12.6,9,22,1.13,0.5,0,1,0,1,0,28,FALSE,FALSE,0,0,0,0,0,3.99,AI êº¼ì_,AI êº¼ì_,AI êº¼ì_,AI êº¼ì_,__ë§  ,AI êº¼ì_,0,0,0,
2720,12.7,9,22,1.13,0.5,0,1,0,1,0,28,FALSE,FALSE,0,0,0,0,0,3.99,AI êº¼ì_,AI êº¼ì_,AI êº¼ì_,AI êº¼ì_,__ë§  ,AI êº¼ì_,0,0,0,
2730,12.8,6,22,1.13,0.5,0,8,0,1,0,28,FALSE,FALSE,0,0,0,0,0,3.99,AI êº¼ì_,AI êº¼ì_,AI êº¼ì_,AI êº¼ì_,__ë§  ,AI êº¼ì_,0,0,0,
2740,13,6,22,1.14,0.5,0,8,0,1,0,28,FALSE,FALSE,0,0,0,0,0,3.99,AI êº¼ì_,AI êº¼ì_,AI êº¼ì_,AI êº¼ì_,__ë§  ,AI êº¼ì_,0,0,0,
2750,13.1,6,22,1.15,0.5,0,8,0,1,0,28,FALSE,FALSE,0,0,0,0,0,3.99,AI êº¼ì_,AI êº¼ì_,AI êº¼ì_,AI êº¼ì_,__ë§  ,AI êº¼ì_,0,0,0,
2760,12.8,6,22,1.14,0.5,0,8,0,1,0,28,FALSE,FALSE,0,0,0,0,0,3.99,AI êº¼ì_,AI êº¼ì_,AI êº¼ì_,AI êº¼ì_,__ë§  ,AI êº¼ì_,0,0,0,
2770,12.5,6,22,1.12,0.5,0,8,0,1,0,28,FALSE,FALSE,0,0,0,0,0,3.99,AI êº¼ì_,AI êº¼ì_,AI êº¼ì_,AI êº¼ì_,__ë§  ,AI êº¼ì_,0,0,0,
2780,12.3,6,21,1.11,0.5,0,8,0,1,0,28,FALSE,FALSE,0,0,0,0,0,3.99,AI êº¼ì_,AI êº¼ì_,AI êº¼ì_,AI êº¼ì_,__ë§  ,AI êº¼ì_,0,0,0,
2790,11.8,6,22,1.09,0.5,0,8,0,1,0,28,FALSE,FALSE,0,0,0,0,0,3.99,AI êº¼ì_,AI êº¼ì_,AI êº¼ì_,AI êº¼ì_,__ë§  ,AI êº¼ì_,0,0,0,
2800,11.8,6,22,1.09,0.5,0,7,0,1,0,28,FALSE,FALSE,0,0,0,0,0,3.99,AI êº¼ì_,AI êº¼ì_,AI êº¼ì_,AI êº¼ì_,__ë§  ,AI êº¼ì_,0,0,0,
2810,11.4,6,22,1.07,0.5,0,7,0,1,0,28,FALSE,FALSE,0,0,0,0,0,3.99,AI êº¼ì_,AI êº¼ì_,AI êº¼ì_,AI êº¼ì_,__ë§  ,AI êº¼ì_,0,0,0,
2820,11.1,6,22,1.05,0.5,0,7,0,1,0,28,FALSE,FALSE,0,0,0,0,0,3.99,AI êº¼ì_,AI êº¼ì_,AI êº¼ì_,AI êº¼ì_,__ë§  ,AI êº¼ì_,0,0,0,
2830,9.8,6,22,0.9899999,0.5,0,7,0,1,0,28,FALSE,FALSE,0,0,0,0,0,3.99,AI êº¼ì_,AI êº¼ì_,AI êº¼ì_,AI êº¼ì_,__ë§  ,AI êº¼ì_,0,0,0,
2840,9.900001,6,21,1,0.5,0,7,0,1,0,28,FALSE,FALSE,0,0,0,0,0,3.99,AI êº¼ì_,AI êº¼ì_,AI êº¼ì_,AI êº¼ì_,__ë§  ,AI êº¼ì_,0,0,0,
2850,9.8,6,21,0.9899999,0.5,0,7,0,1,0,28,FALSE,FALSE,0,0,0,0,0,3.99,AI êº¼ì_,AI êº¼ì_,AI êº¼ì_,AI êº¼ì_,__ë§  ,AI êº¼ì_,0,0,0,
2860,9.900001,6,21,0.9899999,0.5,0,7,0,1,0,28,FALSE,FALSE,0,0,0,0,0,3.99,AI êº¼ì_,AI êº¼ì_,AI êº¼ì_,AI êº¼ì_,__ë§  ,AI êº¼ì_,0,0,0,
2870,9.8,6,21,0.9899999,0.5,0,7,0,1,0,28,FALSE,FALSE,0,0,0,0,0,3.99,AI êº¼ì_,AI êº¼ì_,AI êº¼ì_,AI êº¼ì_,__ë§  ,AI êº¼ì_,0,0,0,
2880,10,6,21,0.98,0.5,0,7,0,1,0,28,FALSE,FALSE,0,0,0,0,0,3.99,AI êº¼ì_,AI êº¼ì_,AI êº¼ì_,AI êº¼ì_,__ë§  ,AI êº¼ì_,0,0,0,
2890,10,6,21,1,0.5,0,7,0,1,0,28,FALSE,FALSE,0,0,0,0,0,3.99,AI êº¼ì_,AI êº¼ì_,AI êº¼ì_,AI êº¼ì_,__ë§  ,AI êº¼ì_,0,0,0,
2900,9.7,6,20,0.98,0.5,0,7,0,1,0,28,FALSE,FALSE,0,0,0,0,0,3.99,AI êº¼ì_,AI êº¼ì_,AI êº¼ì_,AI êº¼ì_,__ë§  ,AI êº¼ì_,0,0,0,
2910,9.400001,6,20,0.97,0.5,0,7,0,1,0,28,FALSE,FALSE,0,0,0,0,0,3.99,AI êº¼ì_,AI êº¼ì_,AI êº¼ì_,AI êº¼ì_,__ë§  ,AI êº¼ì_,0,0,0,
2920,9.7,6,20,0.98,0.5,0,6,0,1,0,28,FALSE,FALSE,0,0,0,0,0,3.99,AI êº¼ì_,AI êº¼ì_,AI êº¼ì_,AI êº¼ì_,__ë§  ,AI êº¼ì_,0,0,0,
2930,9.8,6,21,0.9899999,0.5,0,6,0,1,0,28,FALSE,FALSE,0,0,0,0,0,3.99,AI êº¼ì_,AI êº¼ì_,AI êº¼ì_,AI êº¼ì_,__ë§  ,AI êº¼ì_,0,0,0,
2940,9.7,6,21,0.98,0.5,0,6,0,1,0,28,FALSE,FALSE,0,0,0,0,0,3.99,AI êº¼ì_,AI êº¼ì_,AI êº¼ì_,AI êº¼ì_,__ë§  ,AI êº¼ì_,0,0,0,
2950,9.400001,6,21,0.97,0.5,0,6,0,1,0,28,FALSE,FALSE,0,0,0,0,0,3.99,AI êº¼ì_,AI êº¼ì_,AI êº¼ì_,AI êº¼ì_,__ë§  ,AI êº¼ì_,0,0,0,
2960,9.2,6,20,0.96,0.5,0,6,0,1,0,28,FALSE,FALSE,0,0,0,0,0,3.99,AI êº¼ì_,AI êº¼ì_,AI êº¼ì_,AI êº¼ì_,__ë§  ,AI êº¼ì_,0,0,0,
2970,9.400001,6,20,0.96,0.5,0,6,0,1,0,28,FALSE,FALSE,0,0,0,0,0,3.99,AI êº¼ì_,AI êº¼ì_,AI êº¼ì_,AI êº¼ì_,__ë§  ,AI êº¼ì_,0,0,0,
2980,9.5,6,20,0.97,0.5,0,6,0,1,0,28,FALSE,FALSE,0,0,0,0,0,3.99,AI êº¼ì_,AI êº¼ì_,AI êº¼ì_,AI êº¼ì_,__ë§  ,AI êº¼ì_,0,0,0,
2990,9.900001,6,20,0.9899999,0.5,0,6,0,1,0,28,FALSE,FALSE,0,0,0,0,0,3.99,AI êº¼ì_,AI êº¼ì_,AI êº¼ì_,AI êº¼ì_,__ë§  ,AI êº¼ì_,0,0,0,
3000,10.3,6,20,1.01,0.5,0,6,0,1,0,28,FALSE,FALSE,0,0,0,0,0,3.99,AI êº¼ì_,AI êº¼ì_,AI êº¼ì_,AI êº¼ì_,__ë§  ,AI êº¼ì_,0,0,0,
3010,10.2,6,20,1,0.5,0,6,0,1,0,28,FALSE,FALSE,0,0,0,0,0,3.99,AI êº¼ì_,AI êº¼ì_,AI êº¼ì_,AI êº¼ì_,__ë§  ,AI êº¼ì_,0,0,0,
3020,10.3,6,19,1.01,0.5,0,5,0,1,0,28,FALSE,FALSE,0,0,0,0,0,3.99,AI êº¼ì_,AI êº¼ì_,AI êº¼ì_,AI êº¼ì_,__ë§  ,AI êº¼ì_,0,0,0,
3030,10.2,6,19,1,0.5,0,5,0,1,0,28,FALSE,FALSE,0,0,0,0,0,3.99,AI êº¼ì_,AI êº¼ì_,AI êº¼ì_,AI êº¼ì_,__ë§  ,AI êº¼ì_,0,0,0,
3040,10.3,6,19,1.01,0.5,0,5,0,1,0,28,FALSE,FALSE,0,0,0,0,0,3.99,AI êº¼ì_,AI êº¼ì_,AI êº¼ì_,AI êº¼ì_,__ë§  ,AI êº¼ì_,0,0,0,
3050,10.2,6,20,1,0.5,0,5,0,1,0,28,FALSE,FALSE,0,0,0,0,0,3.99,AI êº¼ì_,AI êº¼ì_,AI êº¼ì_,AI êº¼ì_,__ë§  ,AI êº¼ì_,0,0,0,
3060,9.8,6,20,0.9899999,0.5,0,5,0,1,0,28,FALSE,FALSE,0,0,0,0,0,3.99,AI êº¼ì_,AI êº¼ì_,AI êº¼ì_,AI êº¼ì_,__ë§  ,AI êº¼ì_,0,0,0,
3070,9.6,6,20,0.97,0.5,0,5,0,1,0,28,FALSE,FALSE,0,0,0,0,0,3.99,AI êº¼ì_,AI êº¼ì_,AI êº¼ì_,AI êº¼ì_,__ë§  ,AI êº¼ì_,0,0,0,
3080,9.8,6,19,0.9899999,0.5,0,5,0,1,0,28,FALSE,FALSE,0,0,0,0,0,3.99,AI êº¼ì_,AI êº¼ì_,AI êº¼ì_,AI êº¼ì_,__ë§  ,AI êº¼ì_,0,0,0,
3090,9.900001,6,19,0.9899999,0.5,0,5,0,1,0,28,FALSE,FALSE,0,0,0,0,0,3.99,AI êº¼ì_,AI êº¼ì_,AI êº¼ì_,AI êº¼ì_,__ë§  ,AI êº¼ì_,0,0,0,
3100,10.2,6,19,1.01,0.5,0,5,0,1,0,28,FALSE,FALSE,0,0,0,0,0,3.99,AI êº¼ì_,AI êº¼ì_,AI êº¼ì_,AI êº¼ì_,__ë§  ,AI êº¼ì_,0,0,0,
3110,9.900001,6,19,1,0.5,0,5,0,1,0,28,FALSE,FALSE,0,0,0,0,0,3.99,AI êº¼ì_,AI êº¼ì_,AI êº¼ì_,AI êº¼ì_,__ë§  ,AI êº¼ì_,0,0,0,
3120,10.1,6,19,1,0.5,0,4,0,1,0,28,FALSE,FALSE,0,0,0,0,0,3.99,AI êº¼ì_,AI êº¼ì_,AI êº¼ì_,AI êº¼ì_,__ë§  ,AI êº¼ì_,0,0,0,
3130,10,6,19,0.9899999,0.5,0,4,0,1,0,28,FALSE,FALSE,0,0,0,0,0,3.99,AI êº¼ì_,AI êº¼ì_,AI êº¼ì_,AI êº¼ì_,__ë§  ,AI êº¼ì_,0,0,0,
3140,9.900001,6,18,1,0.5,0,4,0,1,0,28,FALSE,FALSE,0,0,0,0,0,3.99,AI êº¼ì_,AI êº¼ì_,AI êº¼ì_,AI êº¼ì_,__ë§  ,AI êº¼ì_,0,0,0,
3150,10,6,18,1,0.5,0,4,0,1,0,28,FALSE,FALSE,0,0,0,0,0,3.99,AI êº¼ì_,AI êº¼ì_,AI êº¼ì_,AI êº¼ì_,__ë§  ,AI êº¼ì_,0,0,0,
3160,10,6,18,0.9899999,0.5,0,4,0,1,0,28,FALSE,FALSE,0,0,0,0,0,3.99,AI êº¼ì_,AI êº¼ì_,AI êº¼ì_,AI êº¼ì_,__ë§  ,AI êº¼ì_,0,0,0,
3170,10.2,6,19,1,0.5,0,4,0,1,0,28,FALSE,FALSE,0,0,0,0,0,3.99,AI êº¼ì_,AI êº¼ì_,AI êº¼ì_,AI êº¼ì_,__ë§  ,AI êº¼ì_,0,0,0,
3180,10,6,19,1,0.5,0,4,0,1,0,28,FALSE,FALSE,0,0,0,0,0,3.99,AI êº¼ì_,AI êº¼ì_,AI êº¼ì_,AI êº¼ì_,__ë§  ,AI êº¼ì_,0,0,0,
3190,9.900001,6,19,0.9899999,0.5,0,4,0,1,0,28,FALSE,FALSE,0,0,0,0,0,3.99,AI êº¼ì_,AI êº¼ì_,AI êº¼ì_,AI êº¼ì_,__ë§  ,AI êº¼ì_,0,0,0,
3200,10.2,6,18,1,0.5,0,4,0,1,0,28,FALSE,FALSE,0,0,0,0,0,3.99,AI êº¼ì_,AI êº¼ì_,AI êº¼ì_,AI êº¼ì_,__ë§  ,AI êº¼ì_,0,0,0,
3210,10.5,6,18,1.02,0.5,0,4,0,1,0,28,FALSE,FALSE,0,0,0,0,0,3.99,AI êº¼ì_,AI êº¼ì_,AI êº¼ì_,AI êº¼ì_,__ë§  ,AI êº¼ì_,0,0,0,
3220,10.4,6,18,1.02,0.5,0,4,0,1,0,28,FALSE,FALSE,0,0,0,0,0,3.99,AI êº¼ì_,AI êº¼ì_,AI êº¼ì_,AI êº¼ì_,__ë§  ,AI êº¼ì_,0,0,0,
3230,10.9,6,18,1.04,0.5,0,3,0,1,0,28,FALSE,FALSE,0,0,0,0,0,3.99,AI êº¼ì_,AI êº¼ì_,AI êº¼ì_,AI êº¼ì_,__ë§  ,AI êº¼ì_,0,0,0,
3240,10.1,6,18,1.01,0.5,0,3,0,1,0,28,FALSE,FALSE,0,0,0,0,0,3.99,AI êº¼ì_,AI êº¼ì_,AI êº¼ì_,AI êº¼ì_,__ë§  ,AI êº¼ì_,0,0,0,
3250,10,6,18,1,0.5,0,3,0,1,0,28,FALSE,FALSE,0,0,0,0,0,3.99,AI êº¼ì_,AI êº¼ì_,AI êº¼ì_,AI êº¼ì_,__ë§  ,AI êº¼ì_,0,0,0,
3260,9.6,6,17,0.98,0.5,0,3,0,1,0,28,FALSE,FALSE,0,0,0,0,0,3.99,AI êº¼ì_,AI êº¼ì_,AI êº¼ì_,AI êº¼ì_,__ë§  ,AI êº¼ì_,0,0,0,
3270,8.900001,6,17,0.94,0.5,0,3,0,1,0,28,FALSE,FALSE,0,0,0,0,0,3.99,AI êº¼ì_,AI êº¼ì_,AI êº¼ì_,AI êº¼ì_,__ë§  ,AI êº¼ì_,0,0,0,
3280,9.2,6,17,0.96,0.5,0,3,0,1,0,28,FALSE,FALSE,0,0,0,0,0,3.99,AI êº¼ì_,AI êº¼ì_,AI êº¼ì_,AI êº¼ì_,__ë§  ,AI êº¼ì_,0,0,0,
3290,9.2,6,17,0.95,0.5,0,3,0,1,0,28,FALSE,FALSE,0,0,0,0,0,3.99,AI êº¼ì_,AI êº¼ì_,AI êº¼ì_,AI êº¼ì_,__ë§  ,AI êº¼ì_,0,0,0,
3300,8.400001,6,18,0.92,0.5,0,3,0,1,0,28,FALSE,FALSE,0,0,0,0,0,3.99,AI êº¼ì_,AI êº¼ì_,AI êº¼ì_,AI êº¼ì_,__ë§  ,AI êº¼ì_,0,0,0,
3310,7.9,6,18,0.9,0.5,0,3,0,1,0,28,FALSE,FALSE,0,0,0,0,0,3.99,AI êº¼ì_,AI êº¼ì_,AI êº¼ì_,AI êº¼ì_,__ë§  ,AI êº¼ì_,0,0,0,
3320,7,6,17,0.86,0.5,0,3,0,1,0,28,FALSE,FALSE,0,0,0,0,0,3.99,AI êº¼ì_,AI êº¼ì_,AI êº¼ì_,AI êº¼ì_,__ë§  ,AI êº¼ì_,0,0,0,
3330,7.4,6,17,0.87,0.5,0,3,0,1,0,28,FALSE,FALSE,0,0,0,0,0,3.99,AI êº¼ì_,AI êº¼ì_,AI êº¼ì_,AI êº¼ì_,__ë§  ,AI êº¼ì_,0,0,0,
3340,7.3,6,17,0.86,0.5,0,3,0,1,0,28,FALSE,FALSE,0,0,0,0,0,3.99,AI êº¼ì_,AI êº¼ì_,AI êº¼ì_,AI êº¼ì_,__ë§  ,AI êº¼ì_,0,0,0,
3350,7,6,17,0.85,0.5,0,2,0,1,0,28,FALSE,FALSE,0,0,0,0,0,3.98,AI êº¼ì_,AI êº¼ì_,AI êº¼ì_,AI êº¼ì_,__ë§  ,AI êº¼ì_,0,0,0,
3360,6.8,6,17,0.84,0.5,0,2,0,1,0,28,FALSE,FALSE,0,0,0,0,0,3.99,AI êº¼ì_,AI êº¼ì_,AI êº¼ì_,AI êº¼ì_,__ë§  ,AI êº¼ì_,0,0,0,
3370,6.6,6,17,0.81,0.5,0,2,0,1,0,28,FALSE,FALSE,0,0,0,0,0,3.99,AI êº¼ì_,AI êº¼ì_,AI êº¼ì_,AI êº¼ì_,__ë§  ,AI êº¼ì_,0,0,0,
3380,6.9,6,16,0.84,0.5,0,2,0,1,0,28,FALSE,FALSE,0,0,0,0,0,3.99,AI êº¼ì_,AI êº¼ì_,AI êº¼ì_,AI êº¼ì_,__ë§  ,AI êº¼ì_,0,0,0,
3390,7,6,16,0.85,0.5,0,2,0,1,0,28,FALSE,FALSE,0,0,0,0,0,3.99,AI êº¼ì_,AI êº¼ì_,AI êº¼ì_,AI êº¼ì_,__ë§  ,AI êº¼ì_,0,0,0,
3400,7.4,6,16,0.87,0.5,0,2,0,1,0,28,FALSE,FALSE,0,0,0,0,0,3.99,AI êº¼ì_,AI êº¼ì_,AI êº¼ì_,AI êº¼ì_,__ë§  ,AI êº¼ì_,0,0,0,
3410,7.4,6,16,0.87,0.5,0,2,0,1,0,28,FALSE,FALSE,0,0,0,0,0,3.98,AI êº¼ì_,AI êº¼ì_,AI êº¼ì_,AI êº¼ì_,__ë§  ,AI êº¼ì_,0,0,0,
3420,7.5,6,16,0.87,0.5,0,2,0,1,0,28,FALSE,FALSE,0,0,0,0,0,3.99,AI êº¼ì_,AI êº¼ì_,AI êº¼ì_,AI êº¼ì_,__ë§  ,AI êº¼ì_,0,0,0,
3430,7.8,6,16,0.89,0.5,0,2,0,1,0,28,FALSE,FALSE,0,0,0,0,0,3.99,AI êº¼ì_,AI êº¼ì_,AI êº¼ì_,AI êº¼ì_,__ë§  ,AI êº¼ì_,0,0,0,
3440,7.5,6,16,0.87,0.5,0,2,0,1,0,28,FALSE,FALSE,0,0,0,0,0,3.98,AI êº¼ì_,AI êº¼ì_,AI êº¼ì_,AI êº¼ì_,__ë§  ,AI êº¼ì_,0,0,0,
3450,7.3,6,16,0.86,0.5,0,1,0,1,0,28,FALSE,FALSE,0,0,0,0,0,3.99,AI êº¼ì_,AI êº¼ì_,AI êº¼ì_,AI êº¼ì_,__ë§  ,AI êº¼ì_,0,0,0,
3460,7.8,6,16,0.88,0.5,0,1,0,1,0,28,FALSE,FALSE,0,0,0,0,0,3.99,AI êº¼ì_,AI êº¼ì_,AI êº¼ì_,AI êº¼ì_,__ë§  ,AI êº¼ì_,0,0,0,
3470,7.3,6,16,0.86,0.5,0,1,0,1,0,28,FALSE,FALSE,0,0,0,0,0,3.99,AI êº¼ì_,AI êº¼ì_,AI êº¼ì_,AI êº¼ì_,__ë§  ,AI êº¼ì_,0,0,0,
3480,7.7,6,16,0.89,0.5,0,1,0,1,0,28,FALSE,FALSE,0,0,0,0,0,3.99,AI êº¼ì_,AI êº¼ì_,AI êº¼ì_,AI êº¼ì_,__ë§  ,AI êº¼ì_,0,0,0,
3490,8,6,16,0.89,0.5,0,1,0,1,0,28,FALSE,FALSE,0,0,0,0,0,3.98,AI êº¼ì_,AI êº¼ì_,AI êº¼ì_,AI êº¼ì_,__ë§  ,AI êº¼ì_,0,0,0,
3500,7.3,6,15,0.87,0.5,0,1,0,1,0,28,FALSE,FALSE,0,0,0,0,0,3.99,AI êº¼ì_,AI êº¼ì_,AI êº¼ì_,AI êº¼ì_,__ë§  ,AI êº¼ì_,0,0,0,
3510,6.7,6,15,0.84,0.5,0,1,0,1,0,28,FALSE,FALSE,0,0,0,0,0,3.99,AI êº¼ì_,AI êº¼ì_,AI êº¼ì_,AI êº¼ì_,__ë§  ,AI êº¼ì_,0,0,0,
3520,6.5,6,15,0.83,0.5,0,1,0,1,0,28,FALSE,FALSE,0,0,0,0,0,3.98,AI êº¼ì_,AI êº¼ì_,AI êº¼ì_,AI êº¼ì_,__ë§  ,AI êº¼ì_,0,0,0,
3530,6.4,6,15,0.82,0.5,0,1,0,1,0,28,FALSE,FALSE,0,0,0,0,0,3.98,AI êº¼ì_,AI êº¼ì_,AI êº¼ì_,AI êº¼ì_,__ë§  ,AI êº¼ì_,0,0,0,
3540,6.5,6,15,0.82,0.5,0,1,0,1,0,28,FALSE,FALSE,0,0,0,0,0,3.99,AI êº¼ì_,AI êº¼ì_,AI êº¼ì_,AI êº¼ì_,__ë§  ,AI êº¼ì_,0,0,0,
3550,6.6,3,15,0.83,0.5,0,14,0,1,0,28,FALSE,FALSE,0,0,0,0,0,3.98,AI êº¼ì_,AI êº¼ì_,AI êº¼ì_,AI êº¼ì_,__ë§  ,AI êº¼ì_,0,0,0,
3560,6.9,3,15,0.84,0.5,0,14,0,1,0,28,FALSE,FALSE,0,0,0,0,0,3.99,AI êº¼ì_,AI êº¼ì_,AI êº¼ì_,AI êº¼ì_,__ë§  ,AI êº¼ì_,0,0,0,
3570,6.4,3,15,0.83,0.5,0,14,0,1,0,28,FALSE,FALSE,0,0,0,0,0,3.99,AI êº¼ì_,AI êº¼ì_,AI êº¼ì_,AI êº¼ì_,__ë§  ,AI êº¼ì_,0,0,0,
3580,5.8,3,15,0.79,0.5,0,14,0,1,0,28,TRUE,FALSE,0,0,0,0,0,3.99,AI êº¼ì_,AI êº¼ì_,AI êº¼ì_,AI êº¼ì_,__ë§  ,AI êº¼ì_,0,0,0,
3590,6.2,3,14,0.81,0.5,0,13,0,1,0,28,TRUE,FALSE,0,0,0,0,0,3.99,AI êº¼ì_,AI êº¼ì_,AI êº¼ì_,AI êº¼ì_,__ë§  ,AI êº¼ì_,0,0,0,
3600,6.4,3,14,0.82,0.5,0,13,0,1,0,28,FALSE,FALSE,0,0,0,0,0,3.99,AI êº¼ì_,AI êº¼ì_,AI êº¼ì_,AI êº¼ì_,__ë§  ,AI êº¼ì_,0,0,0,
3610,6.4,3,14,0.82,0.5,0,13,0,1,0,28,FALSE,FALSE,0,0,0,0,0,3.99,AI êº¼ì_,AI êº¼ì_,AI êº¼ì_,AI êº¼ì_,__ë§  ,AI êº¼ì_,0,0,0,
3620,6.3,3,14,0.81,0.5,0,13,0,1,0,28,TRUE,FALSE,0,0,0,0,0,3.99,AI êº¼ì_,AI êº¼ì_,AI êº¼ì_,AI êº¼ì_,__ë§  ,AI êº¼ì_,0,0,0,
3630,5.9,3,14,0.8,0.5,0,13,0,1,0,28,TRUE,FALSE,0,0,0,0,0,3.98,AI êº¼ì_,AI êº¼ì_,AI êº¼ì_,AI êº¼ì_,__ë§  ,AI êº¼ì_,0,0,0,
3640,5.9,3,14,0.78,0.5,0,13,0,1,0,28,TRUE,FALSE,0,0,0,0,0,3.98,AI êº¼ì_,AI êº¼ì_,AI êº¼ì_,AI êº¼ì_,__ë§  ,AI êº¼ì_,0,0,0,
3650,6.6,3,14,0.83,0.5,0,13,0,1,0,28,FALSE,FALSE,0,0,0,0,0,3.98,AI êº¼ì_,AI êº¼ì_,AI êº¼ì_,AI êº¼ì_,__ë§  ,AI êº¼ì_,0,0,0,
3660,6.6,3,14,0.83,0.5,0,13,0,1,0,28,FALSE,FALSE,0,0,0,0,0,3.98,AI êº¼ì_,AI êº¼ì_,AI êº¼ì_,AI êº¼ì_,__ë§  ,AI êº¼ì_,0,0,0,
3670,6.8,3,14,0.84,0.5,0,13,0,1,0,28,FALSE,FALSE,0,0,0,0,0,3.98,AI êº¼ì_,AI êº¼ì_,AI êº¼ì_,AI êº¼ì_,__ë§  ,AI êº¼ì_,0,0,0,
3680,6.5,3,14,0.82,0.5,0,13,0,1,0,28,FALSE,FALSE,0,0,0,0,0,3.98,AI êº¼ì_,AI êº¼ì_,AI êº¼ì_,AI êº¼ì_,__ë§  ,AI êº¼ì_,0,0,0,
3690,6.6,3,13,0.83,0.5,0,12,0,1,0,28,FALSE,FALSE,0,0,0,0,0,3.98,AI êº¼ì_,AI êº¼ì_,AI êº¼ì_,AI êº¼ì_,__ë§  ,AI êº¼ì_,0,0,0,
3700,6.1,3,13,0.81,0.5,0,12,0,1,0,28,TRUE,FALSE,0,0,0,0,0,3.99,AI êº¼ì_,AI êº¼ì_,AI êº¼ì_,AI êº¼ì_,__ë§  ,AI êº¼ì_,0,0,0,
3710,6.1,3,13,0.8,0.5,0,12,0,1,0,28,TRUE,FALSE,0,0,0,0,0,3.98,AI êº¼ì_,AI êº¼ì_,AI êº¼ì_,AI êº¼ì_,__ë§  ,AI êº¼ì_,0,0,0,
3720,5.4,3,13,0.77,0.5,0,12,0,1,0,28,TRUE,FALSE,0,0,0,0,0,3.99,AI êº¼ì_,AI êº¼ì_,AI êº¼ì_,AI êº¼ì_,__ë§  ,AI êº¼ì_,0,0,0,
3730,6.5,3,13,0.81,0.5,0,12,0,1,0,28,TRUE,FALSE,0,0,0,0,0,3.99,AI êº¼ì_,AI êº¼ì_,AI êº¼ì_,AI êº¼ì_,__ë§  ,AI êº¼ì_,0,0,0,
3740,6.9,3,13,0.84,0.5,0,12,0,1,0,28,FALSE,FALSE,0,0,0,0,0,3.98,AI êº¼ì_,AI êº¼ì_,AI êº¼ì_,AI êº¼ì_,__ë§  ,AI êº¼ì_,0,0,0,
3750,7.3,3,13,0.86,0.5,0,12,0,1,0,28,FALSE,FALSE,0,0,0,0,0,3.99,AI êº¼ì_,AI êº¼ì_,AI êº¼ì_,AI êº¼ì_,__ë§  ,AI êº¼ì_,0,0,0,
3760,7.4,3,13,0.87,0.5,0,12,0,1,0,28,FALSE,FALSE,0,0,0,0,0,3.98,AI êº¼ì_,AI êº¼ì_,AI êº¼ì_,AI êº¼ì_,__ë§  ,AI êº¼ì_,0,0,0,
3770,7.4,3,13,0.87,0.5,0,12,0,1,0,28,FALSE,FALSE,0,0,0,0,0,3.98,AI êº¼ì_,AI êº¼ì_,AI êº¼ì_,AI êº¼ì_,__ë§  ,AI êº¼ì_,0,0,0,
3780,7.2,3,13,0.86,0.5,0,12,0,1,0,28,FALSE,FALSE,0,0,0,0,0,3.98,AI êº¼ì_,AI êº¼ì_,AI êº¼ì_,AI êº¼ì_,__ë§  ,AI êº¼ì_,0,0,0,
3790,7,3,13,0.85,0.5,0,12,0,1,0,28,FALSE,FALSE,0,0,0,0,0,3.98,AI êº¼ì_,AI êº¼ì_,AI êº¼ì_,AI êº¼ì_,__ë§  ,AI êº¼ì_,0,0,0,
3800,6.8,3,12,0.84,0.5,0,11,0,1,0,28,FALSE,FALSE,0,0,0,0,0,3.98,AI êº¼ì_,AI êº¼ì_,AI êº¼ì_,AI êº¼ì_,__ë§  ,AI êº¼ì_,0,0,0,
3810,6.5,3,12,0.82,0.5,0,11,0,1,0,28,FALSE,FALSE,0,0,0,0,0,3.98,AI êº¼ì_,AI êº¼ì_,AI êº¼ì_,AI êº¼ì_,__ë§  ,AI êº¼ì_,0,0,0,
3820,6.1,3,12,0.8,0.5,0,11,0,1,0,28,TRUE,FALSE,0,0,0,0,0,3.98,AI êº¼ì_,AI êº¼ì_,AI êº¼ì_,AI êº¼ì_,__ë§  ,AI êº¼ì_,0,0,0,
3830,6.1,3,12,0.81,0.5,0,11,0,1,0,28,TRUE,FALSE,0,0,0,0,0,3.98,AI êº¼ì_,AI êº¼ì_,AI êº¼ì_,AI êº¼ì_,__ë§  ,AI êº¼ì_,0,0,0,
3840,6,3,12,0.8,0.5,0,11,0,1,0,28,TRUE,FALSE,0,0,0,0,0,3.98,AI êº¼ì_,AI êº¼ì_,AI êº¼ì_,AI êº¼ì_,__ë§  ,AI êº¼ì_,0,0,0,
3850,6,3,12,0.79,0.5,0,11,0,1,0,28,TRUE,FALSE,0,0,0,0,0,3.98,AI êº¼ì_,AI êº¼ì_,AI êº¼ì_,AI êº¼ì_,__ë§  ,AI êº¼ì_,0,0,0,
3860,6.3,3,12,0.81,0.5,0,11,0,1,0,28,TRUE,FALSE,0,0,0,0,0,3.98,AI êº¼ì_,AI êº¼ì_,AI êº¼ì_,AI êº¼ì_,__ë§  ,AI êº¼ì_,0,0,0,
3870,6.2,3,12,0.81,0.5,0,11,0,1,0,28,TRUE,FALSE,0,0,0,0,0,3.98,AI êº¼ì_,AI êº¼ì_,AI êº¼ì_,AI êº¼ì_,__ë§  ,AI êº¼ì_,0,0,0,
3880,6.5,3,12,0.82,0.5,0,11,0,1,0,28,FALSE,FALSE,0,0,0,0,0,3.98,AI êº¼ì_,AI êº¼ì_,AI êº¼ì_,AI êº¼ì_,__ë§  ,AI êº¼ì_,0,0,0,
3890,6.4,3,12,0.81,0.5,0,11,0,1,0,28,FALSE,FALSE,0,0,0,0,0,3.98,AI êº¼ì_,AI êº¼ì_,AI êº¼ì_,AI êº¼ì_,__ë§  ,AI êº¼ì_,0,0,0,
3900,6.3,3,11,0.81,0.5,0,10,0,1,0,28,TRUE,FALSE,0,0,0,0,0,3.98,AI êº¼ì_,AI êº¼ì_,AI êº¼ì_,AI êº¼ì_,__ë§  ,AI êº¼ì_,0,0,0,
3910,6.1,3,11,0.81,0.5,0,10,0,1,0,28,TRUE,FALSE,0,0,0,0,0,3.98,AI êº¼ì_,AI êº¼ì_,AI êº¼ì_,AI êº¼ì_,__ë§  ,AI êº¼ì_,0,0,0,
3920,6.1,3,11,0.8,0.5,0,10,0,1,0,28,TRUE,FALSE,0,0,0,0,0,3.98,AI êº¼ì_,AI êº¼ì_,AI êº¼ì_,AI êº¼ì_,__ë§  ,AI êº¼ì_,0,0,0,
3930,5.9,3,11,0.79,0.5,0,10,0,1,0,28,TRUE,FALSE,0,0,0,0,0,3.98,AI êº¼ì_,AI êº¼ì_,AI êº¼ì_,AI êº¼ì_,__ë§  ,AI êº¼ì_,0,0,0,
3940,5.7,3,11,0.78,0.5,0,10,0,1,0,28,TRUE,FALSE,0,0,0,0,0,3.98,AI êº¼ì_,AI êº¼ì_,AI êº¼ì_,AI êº¼ì_,__ë§  ,AI êº¼ì_,0,0,0,
3950,5.9,3,11,0.79,0.5,0,10,0,1,0,28,TRUE,FALSE,0,0,0,0,0,3.98,AI êº¼ì_,AI êº¼ì_,AI êº¼ì_,AI êº¼ì_,__ë§  ,AI êº¼ì_,0,0,0,
3960,6.5,3,11,0.82,0.5,0,10,0,1,0,28,FALSE,FALSE,0,0,0,0,0,3.99,AI êº¼ì_,AI êº¼ì_,AI êº¼ì_,AI êº¼ì_,__ë§  ,AI êº¼ì_,0,0,0,
3970,6.9,3,11,0.84,0.5,0,10,0,1,0,28,FALSE,FALSE,0,0,0,0,0,3.98,AI êº¼ì_,AI êº¼ì_,AI êº¼ì_,AI êº¼ì_,__ë§  ,AI êº¼ì_,0,0,0,
3980,7.2,3,11,0.85,0.5,0,10,0,1,0,28,FALSE,FALSE,0,0,0,0,0,3.98,AI êº¼ì_,AI êº¼ì_,AI êº¼ì_,AI êº¼ì_,__ë§  ,AI êº¼ì_,0,0,0,
3990,7.3,3,11,0.86,0.5,0,10,0,1,0,28,FALSE,FALSE,0,0,0,0,0,3.98,AI êº¼ì_,AI êº¼ì_,AI êº¼ì_,AI êº¼ì_,__ë§  ,AI êº¼ì_,0,0,0,
4000,7.1,3,11,0.86,0.5,0,10,0,1,0,28,FALSE,FALSE,0,0,0,0,0,3.98,AI êº¼ì_,AI êº¼ì_,AI êº¼ì_,AI êº¼ì_,__ë§  ,AI êº¼ì_,0,0,0,
4010,7.1,3,10,0.85,0.5,0,9,0,1,0,28,FALSE,FALSE,0,0,0,0,0,3.98,AI êº¼ì_,AI êº¼ì_,AI êº¼ì_,AI êº¼ì_,__ë§  ,AI êº¼ì_,0,0,0,
4020,6.6,3,10,0.83,0.5,0,9,0,1,0,28,FALSE,FALSE,0,0,0,0,0,3.98,AI êº¼ì_,AI êº¼ì_,AI êº¼ì_,AI êº¼ì_,__ë§  ,AI êº¼ì_,0,0,0,
4030,6.7,3,10,0.83,0.5,0,9,0,1,0,28,FALSE,FALSE,0,0,0,0,0,3.98,AI êº¼ì_,AI êº¼ì_,AI êº¼ì_,AI êº¼ì_,__ë§  ,AI êº¼ì_,0,0,0,
4040,6.7,3,10,0.84,0.5,0,9,0,1,0,28,FALSE,FALSE,0,0,0,0,0,3.98,AI êº¼ì_,AI êº¼ì_,AI êº¼ì_,AI êº¼ì_,__ë§  ,AI êº¼ì_,0,0,0,
4050,6.6,3,10,0.83,0.5,0,9,0,1,0,28,FALSE,FALSE,0,0,0,0,0,3.98,AI êº¼ì_,AI êº¼ì_,AI êº¼ì_,AI êº¼ì_,__ë§  ,AI êº¼ì_,0,0,0,
4060,6.3,3,10,0.81,0.5,0,9,0,1,0,28,TRUE,FALSE,0,0,0,0,0,3.98,AI êº¼ì_,AI êº¼ì_,AI êº¼ì_,AI êº¼ì_,__ë§  ,AI êº¼ì_,0,0,0,
4070,5.5,3,10,0.78,0.5,0,9,0,1,0,28,TRUE,FALSE,0,0,0,0,0,3.98,AI êº¼ì_,AI êº¼ì_,AI êº¼ì_,AI êº¼ì_,__ë§  ,AI êº¼ì_,0,0,0,
4080,5.5,3,10,0.77,0.5,0,9,0,1,0,28,TRUE,FALSE,0,0,0,0,0,3.98,AI êº¼ì_,AI êº¼ì_,AI êº¼ì_,AI êº¼ì_,__ë§  ,AI êº¼ì_,0,0,0,
4090,5.8,3,10,0.79,0.5,0,9,0,1,0,28,TRUE,FALSE,0,0,0,0,0,3.98,AI êº¼ì_,AI êº¼ì_,AI êº¼ì_,AI êº¼ì_,__ë§  ,AI êº¼ì_,0,0,0,
4100,5.9,3,10,0.79,0.5,0,9,0,1,0,28,TRUE,FALSE,0,0,0,0,0,3.98,AI êº¼ì_,AI êº¼ì_,AI êº¼ì_,AI êº¼ì_,__ë§  ,AI êº¼ì_,0,0,0,
4110,5.9,3,10,0.79,0.5,0,9,0,1,0,28,TRUE,FALSE,0,0,0,0,0,3.98,AI êº¼ì_,AI êº¼ì_,AI êº¼ì_,AI êº¼ì_,__ë§  ,AI êº¼ì_,0,0,0,
4120,5.8,3,10,0.79,0.5,0,9,0,1,0,28,TRUE,FALSE,0,0,0,0,0,3.98,AI êº¼ì_,AI êº¼ì_,AI êº¼ì_,AI êº¼ì_,__ë§  ,AI êº¼ì_,0,0,0,
4130,4.9,3,10,0.75,0.5,0,9,0,1,0,28,TRUE,FALSE,0,0,0,0,0,3.98,AI êº¼ì_,AI êº¼ì_,AI êº¼ì_,AI êº¼ì_,__ë§  ,AI êº¼ì_,0,0,0,
4140,4.3,3,9,0.71,0.5,0,8,0,1,0,28,TRUE,FALSE,0,0,0,0,0,3.98,AI êº¼ì_,AI êº¼ì_,AI êº¼ì_,AI êº¼ì_,__ë§  ,AI êº¼ì_,0,0,0,
4150,4.7,3,9,0.72,0.5,0,8,0,1,0,28,TRUE,FALSE,0,0,0,0,0,3.98,AI êº¼ì_,AI êº¼ì_,AI êº¼ì_,AI êº¼ì_,__ë§  ,AI êº¼ì_,0,0,0,
4160,5.4,3,9,0.77,0.5,0,8,0,1,0,28,TRUE,FALSE,0,0,0,0,0,3.98,AI êº¼ì_,AI êº¼ì_,AI êº¼ì_,AI êº¼ì_,__ë§  ,AI êº¼ì_,0,0,0,
4170,5.5,3,9,0.78,0.5,0,8,0,1,0,28,TRUE,FALSE,0,0,0,0,0,3.98,AI êº¼ì_,AI êº¼ì_,AI êº¼ì_,AI êº¼ì_,__ë§  ,AI êº¼ì_,0,0,0,
4180,5.9,3,9,0.79,0.5,0,8,0,1,0,28,TRUE,FALSE,0,0,0,0,0,3.98,AI êº¼ì_,AI êº¼ì_,AI êº¼ì_,AI êº¼ì_,__ë§  ,AI êº¼ì_,0,0,0,
4190,6.6,3,9,0.82,0.5,0,8,0,1,0,28,FALSE,FALSE,0,0,0,0,0,3.98,AI êº¼ì_,AI êº¼ì_,AI êº¼ì_,AI êº¼ì_,__ë§  ,AI êº¼ì_,0,0,0,
4200,6.7,3,9,0.83,0.5,0,8,0,1,0,28,FALSE,FALSE,0,0,0,0,0,3.98,AI êº¼ì_,AI êº¼ì_,AI êº¼ì_,AI êº¼ì_,__ë§  ,AI êº¼ì_,0,0,0,
4210,6.6,3,9,0.83,0.5,0,8,0,1,0,28,FALSE,FALSE,0,0,0,0,0,3.98,AI êº¼ì_,AI êº¼ì_,AI êº¼ì_,AI êº¼ì_,__ë§  ,AI êº¼ì_,0,0,0,
4220,6.6,3,9,0.83,0.5,0,8,0,1,0,28,FALSE,FALSE,0,0,0,0,0,3.98,AI êº¼ì_,AI êº¼ì_,AI êº¼ì_,AI êº¼ì_,__ë§  ,AI êº¼ì_,0,0,0,
4230,7,3,8,0.85,0.5,0,7,0,1,0,28,FALSE,FALSE,0,0,0,0,0,3.98,AI êº¼ì_,AI êº¼ì_,AI êº¼ì_,AI êº¼ì_,__ë§  ,AI êº¼ì_,0,0,0,
4240,7,3,8,0.85,0.5,0,7,0,1,0,28,FALSE,FALSE,0,0,0,0,0,3.98,AI êº¼ì_,AI êº¼ì_,AI êº¼ì_,AI êº¼ì_,__ë§  ,AI êº¼ì_,0,0,0,
4250,7,3,8,0.85,0.5,0,7,0,1,0,28,FALSE,FALSE,0,0,0,0,0,3.98,AI êº¼ì_,AI êº¼ì_,AI êº¼ì_,AI êº¼ì_,__ë§  ,AI êº¼ì_,0,0,0,
4260,7.2,3,8,0.86,0.5,0,7,0,1,0,28,FALSE,FALSE,0,0,0,0,0,3.98,AI êº¼ì_,AI êº¼ì_,AI êº¼ì_,AI êº¼ì_,__ë§  ,AI êº¼ì_,0,0,0,
4270,6.7,3,8,0.83,0.5,0,7,0,1,0,28,FALSE,FALSE,0,0,0,0,0,3.98,AI êº¼ì_,AI êº¼ì_,AI êº¼ì_,AI êº¼ì_,__ë§  ,AI êº¼ì_,0,0,0,
4280,6.1,3,8,0.8,0.5,0,7,0,1,0,28,TRUE,FALSE,0,0,0,0,0,3.98,AI êº¼ì_,AI êº¼ì_,AI êº¼ì_,AI êº¼ì_,__ë§  ,AI êº¼ì_,0,0,0,
4290,6,3,8,0.8,0.5,0,7,0,1,0,28,TRUE,FALSE,0,0,0,0,0,3.98,AI êº¼ì_,AI êº¼ì_,AI êº¼ì_,AI êº¼ì_,__ë§  ,AI êº¼ì_,0,0,0,
4300,5.8,3,8,0.78,0.5,0,7,0,1,0,28,TRUE,FALSE,0,0,0,0,0,3.98,AI êº¼ì_,AI êº¼ì_,AI êº¼ì_,AI êº¼ì_,__ë§  ,AI êº¼ì_,0,0,0,
4310,5,3,8,0.75,0.5,0,7,0,1,0,28,TRUE,FALSE,0,0,0,0,0,3.98,AI êº¼ì_,AI êº¼ì_,AI êº¼ì_,AI êº¼ì_,__ë§  ,AI êº¼ì_,0,0,0,
4320,4.6,3,8,0.73,0.5,0,7,0,1,0,28,TRUE,FALSE,0,0,0,0,0,3.98,AI êº¼ì_,AI êº¼ì_,AI êº¼ì_,AI êº¼ì_,__ë§  ,AI êº¼ì_,0,0,0,
4330,4.7,3,8,0.74,0.5,0,7,0,1,0,28,TRUE,FALSE,0,0,0,0,0,3.98,AI êº¼ì_,AI êº¼ì_,AI êº¼ì_,AI êº¼ì_,__ë§  ,AI êº¼ì_,0,0,0,
4340,4.6,3,8,0.73,0.5,0,7,0,1,0,28,TRUE,FALSE,0,0,0,0,0,3.98,AI êº¼ì_,AI êº¼ì_,AI êº¼ì_,AI êº¼ì_,__ë§  ,AI êº¼ì_,0,0,0,
4350,4.4,3,8,0.72,0.5,0,7,0,1,0,28,TRUE,FALSE,0,0,0,0,0,3.98,AI êº¼ì_,AI êº¼ì_,AI êº¼ì_,AI êº¼ì_,__ë§  ,AI êº¼ì_,0,0,0,
4360,4.6,3,7,0.72,0.5,0,6,0,1,0,28,TRUE,FALSE,0,0,0,0,0,3.98,AI êº¼ì_,AI êº¼ì_,AI êº¼ì_,AI êº¼ì_,__ë§  ,AI êº¼ì_,0,0,0,
4370,5,3,7,0.75,0.5,0,6,0,1,0,28,TRUE,FALSE,0,0,0,0,0,3.98,AI êº¼ì_,AI êº¼ì_,AI êº¼ì_,AI êº¼ì_,__ë§  ,AI êº¼ì_,0,0,0,
4380,5.3,3,7,1.51,0.99,0,6,0,1,0,28,FALSE,FALSE,0,0,0,0,0,3.98,AI êº¼ì_,AI êº¼ì_,AI êº¼ì_,AI êº¼ì_,__ë§  ,AI êº¼ì_,0,0,0,
4390,5.8,3,7,1.55,0.99,0,6,0,1,0,28,FALSE,FALSE,0,0,0,0,0,3.98,AI êº¼ì_,AI êº¼ì_,AI êº¼ì_,AI êº¼ì_,__ë§  ,AI êº¼ì_,0,0,0,
4400,5.5,3,7,1.53,0.99,0,6,0,1,0,28,FALSE,FALSE,0,0,0,0,0,3.98,AI êº¼ì_,AI êº¼ì_,AI êº¼ì_,AI êº¼ì_,__ë§  ,AI êº¼ì_,0,0,0,
4410,5.5,3,7,1.53,0.99,0,6,0,1,0,28,FALSE,FALSE,0,0,0,0,0,3.98,AI êº¼ì_,AI êº¼ì_,AI êº¼ì_,AI êº¼ì_,__ë§  ,AI êº¼ì_,0,0,0,
4420,5.2,3,6,1.5,0.99,0,5,0,1,0,28,FALSE,FALSE,0,0,0,0,0,3.98,AI êº¼ì_,AI êº¼ì_,AI êº¼ì_,AI êº¼ì_,__ë§  ,AI êº¼ì_,0,0,0,
4430,5.1,3,6,1.49,0.99,0,5,0,1,0,28,FALSE,FALSE,0,0,0,0,0,3.98,AI êº¼ì_,AI êº¼ì_,AI êº¼ì_,AI êº¼ì_,__ë§  ,AI êº¼ì_,0,0,0,
4440,5.4,3,6,1.52,0.99,0,5,0,1,0,28,FALSE,FALSE,0,0,0,0,0,3.98,AI êº¼ì_,AI êº¼ì_,AI êº¼ì_,AI êº¼ì_,__ë§  ,AI êº¼ì_,0,0,0,
4450,5.6,3,6,1.54,0.99,0,5,0,1,0,28,FALSE,FALSE,0,0,0,0,0,3.98,AI êº¼ì_,AI êº¼ì_,AI êº¼ì_,AI êº¼ì_,__ë§  ,AI êº¼ì_,0,0,0,
4460,5.4,3,6,1.52,0.99,0,5,0,1,0,28,FALSE,FALSE,0,0,0,0,0,3.98,AI êº¼ì_,AI êº¼ì_,AI êº¼ì_,AI êº¼ì_,__ë§  ,AI êº¼ì_,0,0,0,
4470,5.3,3,6,1.51,0.99,0,5,0,1,0,28,FALSE,FALSE,0,0,0,0,0,3.98,AI êº¼ì_,AI êº¼ì_,AI êº¼ì_,AI êº¼ì_,__ë§  ,AI êº¼ì_,0,0,0,
4480,5.2,3,5,1.5,0.99,0,4,0,1,0,28,FALSE,FALSE,0,0,0,0,0,3.98,AI êº¼ì_,AI êº¼ì_,AI êº¼ì_,AI êº¼ì_,__ë§  ,AI êº¼ì_,0,0,0,
4490,4.7,3,5,1.46,0.99,0,4,0,1,0,28,FALSE,FALSE,0,0,0,0,0,3.98,AI êº¼ì_,AI êº¼ì_,AI êº¼ì_,AI êº¼ì_,__ë§  ,AI êº¼ì_,0,0,0,
4500,4.8,3,5,1.46,0.99,0,4,0,1,0,28,FALSE,FALSE,0,0,0,0,0,3.98,AI êº¼ì_,AI êº¼ì_,AI êº¼ì_,AI êº¼ì_,__ë§  ,AI êº¼ì_,0,0,0,
4510,4.6,3,5,1.44,0.99,0,4,0,1,0,28,FALSE,FALSE,0,0,0,0,0,3.98,AI êº¼ì_,AI êº¼ì_,AI êº¼ì_,AI êº¼ì_,__ë§  ,AI êº¼ì_,0,0,0,
4520,4.7,3,5,1.45,0.99,0,4,0,1,0,28,FALSE,FALSE,0,0,0,0,0,3.98,AI êº¼ì_,AI êº¼ì_,AI êº¼ì_,AI êº¼ì_,__ë§  ,AI êº¼ì_,0,0,0,
4530,4.6,3,5,1.44,0.99,0,4,0,1,0,28,FALSE,FALSE,0,0,0,0,0,3.98,AI êº¼ì_,AI êº¼ì_,AI êº¼ì_,AI êº¼ì_,__ë§  ,AI êº¼ì_,0,0,0,
4540,4.8,3,5,1.46,0.99,0,4,0,1,0,28,FALSE,FALSE,0,0,0,0,0,3.98,AI êº¼ì_,AI êº¼ì_,AI êº¼ì_,AI êº¼ì_,__ë§  ,AI êº¼ì_,0,0,0,
4550,4.6,3,4,1.44,0.99,0,3,0,1,0,28,FALSE,FALSE,0,0,0,0,0,3.98,AI êº¼ì_,AI êº¼ì_,AI êº¼ì_,AI êº¼ì_,__ë§  ,AI êº¼ì_,0,0,0,
4560,4.3,3,4,1.42,0.99,0,3,0,1,0,28,FALSE,FALSE,0,0,0,0,0,3.98,AI êº¼ì_,AI êº¼ì_,AI êº¼ì_,AI êº¼ì_,__ë§  ,AI êº¼ì_,0,0,0,
4570,4.5,3,4,1.43,0.99,0,3,0,1,0,28,FALSE,FALSE,0,0,0,0,0,3.98,AI êº¼ì_,AI êº¼ì_,AI êº¼ì_,AI êº¼ì_,__ë§  ,AI êº¼ì_,0,0,0,
4580,4.7,3,4,1.45,0.99,0,3,0,1,0,28,FALSE,FALSE,0,0,0,0,0,3.98,AI êº¼ì_,AI êº¼ì_,AI êº¼ì_,AI êº¼ì_,__ë§  ,AI êº¼ì_,0,0,0,
4590,4.8,3,4,1.46,0.99,0,3,0,1,0,28,FALSE,FALSE,0,0,0,0,0,3.98,AI êº¼ì_,AI êº¼ì_,AI êº¼ì_,AI êº¼ì_,__ë§  ,AI êº¼ì_,0,0,0,
4600,4.7,3,4,1.45,0.99,0,3,0,1,0,28,FALSE,FALSE,0,0,0,0,0,3.98,AI êº¼ì_,AI êº¼ì_,AI êº¼ì_,AI êº¼ì_,__ë§  ,AI êº¼ì_,0,0,0,
4610,4.9,3,3,1.47,0.99,0,2,0,1,0,28,FALSE,FALSE,0,0,0,0,0,3.98,AI êº¼ì_,AI êº¼ì_,AI êº¼ì_,AI êº¼ì_,__ë§  ,AI êº¼ì_,0,0,0,
4620,4.5,3,3,1.43,0.99,0,2,0,1,0,28,FALSE,FALSE,0,0,0,0,0,3.98,AI êº¼ì_,AI êº¼ì_,AI êº¼ì_,AI êº¼ì_,__ë§  ,AI êº¼ì_,0,0,0,
4630,5,3,3,1.48,0.99,0,2,0,1,0,28,FALSE,FALSE,0,0,0,0,0,3.98,AI êº¼ì_,AI êº¼ì_,AI êº¼ì_,AI êº¼ì_,__ë§  ,AI êº¼ì_,0,0,0,
4640,5.2,3,3,1.5,0.99,0,2,0,1,0,28,FALSE,FALSE,0,0,0,0,0,3.98,AI êº¼ì_,AI êº¼ì_,AI êº¼ì_,AI êº¼ì_,__ë§  ,AI êº¼ì_,0,0,0,
4650,4.8,3,3,1.47,0.99,0,2,0,1,0,28,FALSE,FALSE,0,0,0,0,0,3.98,AI êº¼ì_,AI êº¼ì_,AI êº¼ì_,AI êº¼ì_,__ë§  ,AI êº¼ì_,0,0,0,
4660,4.5,3,3,1.43,0.99,0,2,0,1,0,28,FALSE,FALSE,0,0,0,0,0,3.98,AI êº¼ì_,AI êº¼ì_,AI êº¼ì_,AI êº¼ì_,__ë§  ,AI êº¼ì_,0,0,0,
4670,4.7,3,2,1.45,0.99,0,1,0,1,0,28,FALSE,FALSE,0,0,0,0,0,3.98,AI êº¼ì_,AI êº¼ì_,AI êº¼ì_,AI êº¼ì_,__ë§  ,AI êº¼ì_,0,0,0,
4680,5,3,2,1.48,0.99,0,1,0,1,0,28,FALSE,FALSE,0,0,0,0,0,3.98,AI êº¼ì_,AI êº¼ì_,AI êº¼ì_,AI êº¼ì_,__ë§  ,AI êº¼ì_,0,0,0,
4690,5.1,3,2,1.49,0.99,0,1,0,1,0,28,FALSE,FALSE,0,0,0,0,0,3.98,AI êº¼ì_,AI êº¼ì_,AI êº¼ì_,AI êº¼ì_,__ë§  ,AI êº¼ì_,0,0,0,
4700,5.1,3,2,1.48,0.99,0,1,0,1,0,28,FALSE,FALSE,0,0,0,0,0,3.98,AI êº¼ì_,AI êº¼ì_,AI êº¼ì_,AI êº¼ì_,__ë§  ,AI êº¼ì_,0,0,0,
4710,5.4,3,2,1.52,0.99,0,1,0,1,0,28,FALSE,FALSE,0,0,0,0,0,3.98,AI êº¼ì_,AI êº¼ì_,AI êº¼ì_,AI êº¼ì_,__ë§  ,AI êº¼ì_,0,0,0,
4720,5.4,0,1,1.52,0.99,0,0,99,1,0,28,FALSE,FALSE,0,0,0,0,0,3.98,AI êº¼ì_,AI êº¼ì_,AI êº¼ì_,AI êº¼ì_,__ë§  ,AI êº¼ì_,0,0,0,
4730,5.3,0,1,1.5,0.99,0,0,99,1,0,28,FALSE,FALSE,0,0,0,0,0,3.98,AI êº¼ì_,AI êº¼ì_,AI êº¼ì_,AI êº¼ì_,__ë§  ,AI êº¼ì_,0,0,0,
4740,5.1,0,1,1.51,0.99,0,0,99,1,0,28,FALSE,FALSE,0,0,0,0,0,3.98,AI êº¼ì_,AI êº¼ì_,AI êº¼ì_,AI êº¼ì_,__ë§  ,AI êº¼ì_,0,0,0,
4750,5,0,1,1.48,0.99,0,0,99,1,0,28,FALSE,FALSE,0,0,0,0,0,3.98,AI êº¼ì_,AI êº¼ì_,AI êº¼ì_,AI êº¼ì_,__ë§  ,AI êº¼ì_,0,0,0,
4760,5.1,0,1,1.49,0.99,0,0,99,1,0,28,FALSE,FALSE,0,0,0,0,0,3.98,AI êº¼ì_,AI êº¼ì_,AI êº¼ì_,AI êº¼ì_,__ë§  ,AI êº¼ì_,0,0,0,
4770,5.3,0,1,1.51,0.99,0,0,99,1,0,28,FALSE,FALSE,0,0,0,0,0,3.98,AI êº¼ì_,AI êº¼ì_,AI êº¼ì_,AI êº¼ì_,__ë§  ,AI êº¼ì_,0,0,0,
4780,5.5,0,1,1.53,0.99,0,0,99,1,0,28,FALSE,FALSE,0,0,0,0,0,3.98,AI êº¼ì_,AI êº¼ì_,AI êº¼ì_,AI êº¼ì_,__ë§  ,AI êº¼ì_,0,0,0,
4790,5.5,0,1,1.53,0.99,0,0,99,1,0,28,FALSE,FALSE,0,0,0,0,0,3.98,AI êº¼ì_,AI êº¼ì_,AI êº¼ì_,AI êº¼ì_,__ë§  ,AI êº¼ì_,0,0,0,
4800,5.3,0,1,1.5,0.99,0,0,99,1,0,28,FALSE,FALSE,0,0,0,0,0,3.98,AI êº¼ì_,AI êº¼ì_,AI êº¼ì_,AI êº¼ì_,__ë§  ,AI êº¼ì_,0,0,0,
4810,4.7,0,1,1.46,0.99,0,0,99,1,0,28,FALSE,FALSE,0,0,0,0,0,3.98,AI êº¼ì_,AI êº¼ì_,AI êº¼ì_,AI êº¼ì_,__ë§  ,AI êº¼ì_,0,0,0,
4820,4,0,1,1.39,0.99,0,0,99,1,0,28,FALSE,FALSE,0,0,0,0,0,3.98,AI êº¼ì_,AI êº¼ì_,AI êº¼ì_,AI êº¼ì_,__ë§  ,AI êº¼ì_,0,0,0,
4830,4.2,0,1,1.4,0.99,0,0,99,1,0,28,FALSE,FALSE,0,0,0,0,0,3.98,AI êº¼ì_,AI êº¼ì_,AI êº¼ì_,AI êº¼ì_,__ë§  ,AI êº¼ì_,0,0,0,
4840,3.8,0,1,1.38,0.99,0,0,99,1,0,28,FALSE,FALSE,0,0,0,0,0,3.98,AI êº¼ì_,AI êº¼ì_,AI êº¼ì_,AI êº¼ì_,__ë§  ,AI êº¼ì_,0,0,0,
4850,3.7,0,1,1.35,0.99,0,0,99,1,0,28,FALSE,FALSE,0,0,0,0,0,3.98,AI êº¼ì_,AI êº¼ì_,AI êº¼ì_,AI êº¼ì_,__ë§  ,AI êº¼ì_,0,0,0,
4860,3.9,0,1,1.37,0.99,0,0,99,1,0,28,FALSE,FALSE,0,0,0,0,0,3.98,AI êº¼ì_,AI êº¼ì_,AI êº¼ì_,AI êº¼ì_,__ë§  ,AI êº¼ì_,0,0,0,
4870,4.2,0,1,1.39,0.99,0,0,99,1,0,28,FALSE,FALSE,0,0,0,0,0,3.98,AI êº¼ì_,AI êº¼ì_,AI êº¼ì_,AI êº¼ì_,__ë§  ,AI êº¼ì_,0,0,0,
4880,4,0,1,1.39,0.99,0,0,99,1,0,28,FALSE,FALSE,0,0,0,0,0,3.98,AI êº¼ì_,AI êº¼ì_,AI êº¼ì_,AI êº¼ì_,__ë§  ,AI êº¼ì_,0,0,0,
4890,4.3,0,1,1.39,0.99,0,0,99,1,0,28,FALSE,FALSE,0,0,0,0,0,3.98,AI êº¼ì_,AI êº¼ì_,AI êº¼ì_,AI êº¼ì_,__ë§  ,AI êº¼ì_,0,0,0,
4900,4.3,0,1,1.41,0.99,0,0,99,1,0,28,FALSE,FALSE,0,0,0,0,0,3.98,AI êº¼ì_,AI êº¼ì_,AI êº¼ì_,AI êº¼ì_,__ë§  ,AI êº¼ì_,0,0,0,
4910,4.2,0,1,1.4,0.99,0,0,99,1,0,28,FALSE,FALSE,0,0,0,0,0,3.98,AI êº¼ì_,AI êº¼ì_,AI êº¼ì_,AI êº¼ì_,__ë§  ,AI êº¼ì_,0,0,0,
4920,4.1,0,1,1.41,0.99,0,0,99,1,0,28,FALSE,FALSE,0,0,0,0,0,3.98,AI êº¼ì_,AI êº¼ì_,AI êº¼ì_,AI êº¼ì_,__ë§  ,AI êº¼ì_,0,0,0,
4930,4.1,0,1,1.39,0.99,0,0,99,1,0,28,FALSE,FALSE,0,0,0,0,0,3.98,AI êº¼ì_,AI êº¼ì_,AI êº¼ì_,AI êº¼ì_,__ë§  ,AI êº¼ì_,0,0,0,
4940,4,0,1,1.4,0.99,0,0,99,1,0,28,FALSE,FALSE,0,0,0,0,0,3.98,AI êº¼ì_,AI êº¼ì_,AI êº¼ì_,AI êº¼ì_,__ë§  ,AI êº¼ì_,0,0,0,
4950,4.2,0,1,1.39,0.99,0,0,99,1,0,28,FALSE,FALSE,0,0,0,0,0,3.98,AI êº¼ì_,AI êº¼ì_,AI êº¼ì_,AI êº¼ì_,__ë§  ,AI êº¼ì_,0,0,0,
4960,4,0,1,1.37,0.99,0,0,99,1,0,28,FALSE,FALSE,0,0,0,0,0,3.98,AI êº¼ì_,AI êº¼ì_,AI êº¼ì_,AI êº¼ì_,__ë§  ,AI êº¼ì_,0,0,0,
4970,4,0,1,1.38,0.99,0,0,99,1,0,28,FALSE,FALSE,0,0,0,0,0,3.98,AI êº¼ì_,AI êº¼ì_,AI êº¼ì_,AI êº¼ì_,__ë§  ,AI êº¼ì_,0,0,0,
4980,4.3,0,1,1.4,0.99,0,0,99,1,0,28,FALSE,FALSE,0,0,0,0,0,3.98,AI êº¼ì_,AI êº¼ì_,AI êº¼ì_,AI êº¼ì_,__ë§  ,AI êº¼ì_,0,0,0,
4990,4.3,0,1,1.41,0.99,0,0,99,1,0,28,FALSE,FALSE,0,0,0,0,0,3.98,AI êº¼ì_,AI êº¼ì_,AI êº¼ì_,AI êº¼ì_,__ë§  ,AI êº¼ì_,0,0,0,
5000,4.5,0,1,1.43,0.99,0,0,99,1,0,28,FALSE,FALSE,0,0,0,0,0,3.98,AI êº¼ì_,AI êº¼ì_,AI êº¼ì_,AI êº¼ì_,__ë§  ,AI êº¼ì_,0,0,0,
5010,4.4,0,1,1.42,0.99,0,0,99,1,0,28,FALSE,FALSE,0,0,0,0,0,3.98,AI êº¼ì_,AI êº¼ì_,AI êº¼ì_,AI êº¼ì_,__ë§  ,AI êº¼ì_,0,0,0,
5020,4.4,0,1,1.42,0.99,0,0,99,1,0,28,FALSE,FALSE,0,0,0,0,0,3.98,AI êº¼ì_,AI êº¼ì_,AI êº¼ì_,AI êº¼ì_,__ë§  ,AI êº¼ì_,0,0,0,
5030,4.2,0,1,1.4,0.99,0,0,99,1,0,28,FALSE,FALSE,0,0,0,0,0,3.98,AI êº¼ì_,AI êº¼ì_,AI êº¼ì_,AI êº¼ì_,__ë§  ,AI êº¼ì_,0,0,0,
5040,4.4,0,1,1.42,0.99,0,0,99,1,0,28,FALSE,FALSE,0,0,0,0,0,3.98,AI êº¼ì_,AI êº¼ì_,AI êº¼ì_,AI êº¼ì_,__ë§  ,AI êº¼ì_,0,0,0,
5050,4.3,0,1,1.41,0.99,0,0,99,1,0,28,FALSE,FALSE,0,0,0,0,0,3.98,AI êº¼ì_,AI êº¼ì_,AI êº¼ì_,AI êº¼ì_,__ë§  ,AI êº¼ì_,0,0,0,
5060,4.3,0,1,1.41,0.99,0,0,99,1,0,28,FALSE,FALSE,0,0,0,0,0,3.98,AI êº¼ì_,AI êº¼ì_,AI êº¼ì_,AI êº¼ì_,__ë§  ,AI êº¼ì_,0,0,0,
5070,4.3,0,1,1.41,0.99,0,0,99,1,0,28,FALSE,FALSE,0,0,0,0,0,3.98,AI êº¼ì_,AI êº¼ì_,AI êº¼ì_,AI êº¼ì_,__ë§  ,AI êº¼ì_,0,0,0,
5080,4.3,0,1,1.41,0.99,0,0,99,1,0,28,FALSE,FALSE,0,0,0,0,0,3.98,AI êº¼ì_,AI êº¼ì_,AI êº¼ì_,AI êº¼ì_,__ë§  ,AI êº¼ì_,0,0,0,
5090,4.3,0,1,1.41,0.99,0,0,99,1,0,28,FALSE,FALSE,0,0,0,0,0,3.98,AI êº¼ì_,AI êº¼ì_,AI êº¼ì_,AI êº¼ì_,__ë§  ,AI êº¼ì_,0,0,0,
5100,4.3,0,1,1.42,0.99,0,0,99,1,0,28,FALSE,FALSE,0,0,0,0,0,3.98,AI êº¼ì_,AI êº¼ì_,AI êº¼ì_,AI êº¼ì_,__ë§  ,AI êº¼ì_,0,0,0,
5110,4.6,0,1,1.44,0.99,0,0,99,1,0,28,FALSE,FALSE,0,0,0,0,0,3.98,AI êº¼ì_,AI êº¼ì_,AI êº¼ì_,AI êº¼ì_,__ë§  ,AI êº¼ì_,0,0,0,
5120,4.4,0,1,1.43,0.99,0,0,99,1,0,28,FALSE,FALSE,0,0,0,0,0,3.98,AI êº¼ì_,AI êº¼ì_,AI êº¼ì_,AI êº¼ì_,__ë§  ,AI êº¼ì_,0,0,0,
5130,3.6,0,1,1.35,0.99,0,0,99,1,0,28,FALSE,FALSE,0,0,0,0,0,3.98,AI êº¼ì_,AI êº¼ì_,AI êº¼ì_,AI êº¼ì_,__ë§  ,AI êº¼ì_,0,0,0,
5140,3.8,0,1,1.36,0.99,0,0,99,1,0,28,FALSE,FALSE,0,0,0,0,0,3.98,AI êº¼ì_,AI êº¼ì_,AI êº¼ì_,AI êº¼ì_,__ë§  ,AI êº¼ì_,0,0,0,
5150,3.9,0,1,1.37,0.99,0,0,99,1,0,28,FALSE,FALSE,0,0,0,0,0,3.98,AI êº¼ì_,AI êº¼ì_,AI êº¼ì_,AI êº¼ì_,__ë§  ,AI êº¼ì_,0,0,0,
5160,3.7,0,1,1.36,0.99,0,0,99,1,0,28,FALSE,FALSE,0,0,0,0,0,3.98,AI êº¼ì_,AI êº¼ì_,AI êº¼ì_,AI êº¼ì_,__ë§  ,AI êº¼ì_,0,0,0,
5170,3.7,0,1,1.35,0.99,0,0,99,1,0,28,FALSE,FALSE,0,0,0,0,0,3.98,AI êº¼ì_,AI êº¼ì_,AI êº¼ì_,AI êº¼ì_,__ë§  ,AI êº¼ì_,0,0,0,
5180,3.3,0,1,1.31,0.99,0,0,99,1,0,28,FALSE,FALSE,0,0,0,0,0,3.98,AI êº¼ì_,AI êº¼ì_,AI êº¼ì_,AI êº¼ì_,__ë§  ,AI êº¼ì_,0,0,0,
5190,3.4,0,1,1.32,0.99,0,0,99,1,0,28,FALSE,FALSE,0,0,0,0,0,3.98,AI êº¼ì_,AI êº¼ì_,AI êº¼ì_,AI êº¼ì_,__ë§  ,AI êº¼ì_,0,0,0,
5200,3.5,0,1,1.34,0.99,0,0,99,1,0,28,FALSE,FALSE,0,0,0,0,0,3.98,AI êº¼ì_,AI êº¼ì_,AI êº¼ì_,AI êº¼ì_,__ë§  ,AI êº¼ì_,0,0,0,
5210,3.2,0,1,1.3,0.99,0,0,99,1,0,28,FALSE,FALSE,0,0,0,0,0,3.98,AI êº¼ì_,AI êº¼ì_,AI êº¼ì_,AI êº¼ì_,__ë§  ,AI êº¼ì_,0,0,0,
5220,3.3,0,1,1.3,0.99,0,0,99,1,0,28,FALSE,FALSE,0,0,0,0,0,3.98,AI êº¼ì_,AI êº¼ì_,AI êº¼ì_,AI êº¼ì_,__ë§  ,AI êº¼ì_,0,0,0,
5230,3.8,0,1,1.36,0.99,0,0,99,1,0,28,FALSE,FALSE,0,0,0,0,0,3.98,AI êº¼ì_,AI êº¼ì_,AI êº¼ì_,AI êº¼ì_,__ë§  ,AI êº¼ì_,0,0,0,
5240,4.8,0,1,1.44,0.99,0,0,99,1,0,28,FALSE,FALSE,0,0,0,0,0,3.98,AI êº¼ì_,AI êº¼ì_,AI êº¼ì_,AI êº¼ì_,__ë§  ,AI êº¼ì_,0,0,0,
5250,5.5,0,1,1.53,0.99,0,0,99,1,0,28,FALSE,FALSE,0,0,0,0,0,3.98,AI êº¼ì_,AI êº¼ì_,AI êº¼ì_,AI êº¼ì_,__ë§  ,AI êº¼ì_,0,0,0,
5260,5.3,0,1,1.51,0.99,0,0,99,1,0,28,FALSE,FALSE,0,0,0,0,0,3.98,AI êº¼ì_,AI êº¼ì_,AI êº¼ì_,AI êº¼ì_,__ë§  ,AI êº¼ì_,0,0,0,
5270,5.4,0,1,1.52,0.99,0,0,99,1,0,28,FALSE,FALSE,0,0,0,0,0,3.98,AI êº¼ì_,AI êº¼ì_,AI êº¼ì_,AI êº¼ì_,__ë§  ,AI êº¼ì_,0,0,0,
5280,5.5,0,1,1.53,0.99,0,0,99,1,0,28,FALSE,FALSE,0,0,0,0,0,3.98,AI êº¼ì_,AI êº¼ì_,AI êº¼ì_,AI êº¼ì_,__ë§  ,AI êº¼ì_,0,0,0,
5290,5.6,0,1,1.55,0.99,0,0,99,1,0,28,FALSE,FALSE,0,0,0,0,0,3.98,AI êº¼ì_,AI êº¼ì_,AI êº¼ì_,AI êº¼ì_,__ë§  ,AI êº¼ì_,0,0,0,
5300,5.2,0,1,1.5,0.99,0,0,99,1,0,28,FALSE,FALSE,0,0,0,0,0,3.98,AI êº¼ì_,AI êº¼ì_,AI êº¼ì_,AI êº¼ì_,__ë§  ,AI êº¼ì_,0,0,0,
5310,4.5,0,1,1.44,0.99,0,0,99,1,0,28,FALSE,FALSE,0,0,0,0,0,3.98,AI êº¼ì_,AI êº¼ì_,AI êº¼ì_,AI êº¼ì_,__ë§  ,AI êº¼ì_,0,0,0,
5320,4.4,0,1,1.42,0.99,0,0,99,1,0,28,FALSE,FALSE,0,0,0,0,0,3.98,AI êº¼ì_,AI êº¼ì_,AI êº¼ì_,AI êº¼ì_,__ë§  ,AI êº¼ì_,0,0,0,
5330,4.4,0,1,1.43,0.99,0,0,99,1,0,28,FALSE,FALSE,0,0,0,0,0,3.98,AI êº¼ì_,AI êº¼ì_,AI êº¼ì_,AI êº¼ì_,__ë§  ,AI êº¼ì_,0,0,0,
5340,3.9,0,1,1.38,0.99,0,0,99,1,0,28,FALSE,FALSE,0,0,0,0,0,3.98,AI êº¼ì_,AI êº¼ì_,AI êº¼ì_,AI êº¼ì_,__ë§  ,AI êº¼ì_,0,0,0,
5350,4.7,0,1,1.45,0.99,0,0,99,1,0,28,FALSE,FALSE,0,0,0,0,0,3.98,AI êº¼ì_,AI êº¼ì_,AI êº¼ì_,AI êº¼ì_,__ë§  ,AI êº¼ì_,0,0,0,
5360,5.2,0,1,1.5,0.99,0,0,99,1,0,28,FALSE,FALSE,0,0,0,0,0,3.98,AI êº¼ì_,AI êº¼ì_,AI êº¼ì_,AI êº¼ì_,__ë§  ,AI êº¼ì_,0,0,0,
5370,5.6,0,1,1.54,0.99,0,0,99,1,0,28,FALSE,FALSE,0,0,0,0,0,3.98,AI êº¼ì_,AI êº¼ì_,AI êº¼ì_,AI êº¼ì_,__ë§  ,AI êº¼ì_,0,0,0,
5380,5.2,0,1,1.5,0.99,0,0,99,1,0,28,FALSE,FALSE,0,0,0,0,0,3.98,AI êº¼ì_,AI êº¼ì_,AI êº¼ì_,AI êº¼ì_,__ë§  ,AI êº¼ì_,0,0,0,
5390,4.9,0,1,1.47,0.99,0,0,99,1,0,28,FALSE,FALSE,0,0,0,0,0,3.98,AI êº¼ì_,AI êº¼ì_,AI êº¼ì_,AI êº¼ì_,__ë§  ,AI êº¼ì_,0,0,0,
5400,4.3,0,1,1.42,0.99,0,0,99,1,0,28,FALSE,FALSE,0,0,0,0,0,3.98,AI êº¼ì_,AI êº¼ì_,AI êº¼ì_,AI êº¼ì_,__ë§  ,AI êº¼ì_,0,0,0,
5410,3.5,0,1,1.32,0.99,0,0,99,1,0,28,FALSE,FALSE,0,0,0,0,0,3.98,AI êº¼ì_,AI êº¼ì_,AI êº¼ì_,AI êº¼ì_,__ë§  ,AI êº¼ì_,0,0,0,
5420,3.3,0,1,1.32,0.99,0,0,99,1,0,28,FALSE,FALSE,0,0,0,0,0,3.98,AI êº¼ì_,AI êº¼ì_,AI êº¼ì_,AI êº¼ì_,__ë§  ,AI êº¼ì_,0,0,0,
5430,4,0,1,1.38,0.99,0,0,99,1,0,28,FALSE,FALSE,0,0,0,0,0,3.98,AI êº¼ì_,AI êº¼ì_,AI êº¼ì_,AI êº¼ì_,__ë§  ,AI êº¼ì_,0,0,0,
5440,3.9,0,1,1.37,0.99,0,0,99,1,0,28,FALSE,FALSE,0,0,0,0,0,3.98,AI êº¼ì_,AI êº¼ì_,AI êº¼ì_,AI êº¼ì_,__ë§  ,AI êº¼ì_,0,0,0,
5450,3.7,0,1,1.35,0.5,0,0,99,1,0,28,FALSE,FALSE,0,0,0,0,0,3.98,AI êº¼ì_,AI êº¼ì_,AI êº¼ì_,AI êº¼ì_,__ë§  ,AI êº¼ì_,0,0,0,
5460,3.8,0,1,0.69,0.5,0,0,99,1,0,28,FALSE,FALSE,0,0,0,0,0,3.98,AI êº¼ì_,AI êº¼ì_,AI êº¼ì_,AI êº¼ì_,__ë§  ,AI êº¼ì_,0,0,0,
5470,3.6,0,1,0.68,0.5,0,0,99,1,0,28,FALSE,FALSE,0,0,0,0,0,3.97,AI êº¼ì_,AI êº¼ì_,AI êº¼ì_,AI êº¼ì_,__ë§  ,AI êº¼ì_,0,0,0,
5480,3.6,0,1,0.7,0.5,0,0,99,1,0,28,FALSE,FALSE,0,0,0,0,0,3.98,AI êº¼ì_,AI êº¼ì_,AI êº¼ì_,AI êº¼ì_,__ë§  ,AI êº¼ì_,0,0,0,
5490,3.6,0,1,0.67,0.5,0,0,99,1,0,28,FALSE,FALSE,0,0,0,0,0,3.98,AI êº¼ì_,AI êº¼ì_,AI êº¼ì_,AI êº¼ì_,__ë§  ,AI êº¼ì_,0,0,0,
5500,2.9,0,1,0.64,0.5,0,0,99,1,0,28,FALSE,FALSE,0,0,0,0,0,3.98,AI êº¼ì_,AI êº¼ì_,AI êº¼ì_,AI êº¼ì_,__ë§  ,AI êº¼ì_,0,0,0,
5510,2.8,0,1,0.65,0.5,0,0,99,1,0,28,FALSE,FALSE,0,0,0,0,0,3.98,AI êº¼ì_,AI êº¼ì_,AI êº¼ì_,AI êº¼ì_,__ë§  ,AI êº¼ì_,0,0,0,
5520,2.6,0,1,0.63,0.5,0,0,99,1,0,28,FALSE,FALSE,0,0,0,0,0,3.98,AI êº¼ì_,AI êº¼ì_,AI êº¼ì_,AI êº¼ì_,__ë§  ,AI êº¼ì_,0,0,0,
5530,2.5,0,1,0.62,0.5,0,0,99,1,0,28,FALSE,FALSE,0,0,0,0,0,3.97,AI êº¼ì_,AI êº¼ì_,AI êº¼ì_,AI êº¼ì_,__ë§  ,AI êº¼ì_,0,0,0,
5540,2.3,0,1,0.62,0.5,0,0,99,1,0,28,FALSE,FALSE,0,0,0,0,0,3.97,AI êº¼ì_,AI êº¼ì_,AI êº¼ì_,AI êº¼ì_,__ë§  ,AI êº¼ì_,0,0,0,
5550,1.9,0,1,0.59,0.5,0,0,99,1,0,28,FALSE,FALSE,0,0,0,0,0,3.98,AI êº¼ì_,AI êº¼ì_,AI êº¼ì_,AI êº¼ì_,__ë§  ,AI êº¼ì_,0,0,0,
5560,1.4,0,1,0.58,0.5,0,0,99,1,0,28,FALSE,FALSE,0,0,0,0,0,3.98,AI êº¼ì_,AI êº¼ì_,AI êº¼ì_,AI êº¼ì_,__ë§  ,AI êº¼ì_,0,0,0,
5570,0.8,0,1,0.54,0.5,0,0,99,1,0,28,FALSE,FALSE,0,0,0,0,0,3.97,AI êº¼ì_,AI êº¼ì_,AI êº¼ì_,AI êº¼ì_,__ë§  ,AI êº¼ì_,0,0,0,
5580,1.1,0,1,0.56,0.5,0,0,99,1,0,28,FALSE,FALSE,0,0,0,0,0,3.98,AI êº¼ì_,AI êº¼ì_,AI êº¼ì_,AI êº¼ì_,__ë§  ,AI êº¼ì_,0,0,0,
5590,0,0,1,0.52,0.5,0,0,99,1,0,28,FALSE,FALSE,0,0,0,0,0,3.98,AI êº¼ì_,AI êº¼ì_,AI êº¼ì_,AI êº¼ì_,__ë§  ,AI êº¼ì_,0,0,0,
5600,0,0,0,0.5,0.5,0,0,99,1,0,28,FALSE,FALSE,0,0,0,0,0,3.98,AI êº¼ì_,AI êº¼ì_,AI êº¼ì_,AI êº¼ì_,__ë§  ,AI êº¼ì_,0,0,0,
5610,0,0,0,0.5,0.5,0,0,99,1,0,28,FALSE,FALSE,0,0,0,0,0,3.98,AI êº¼ì_,AI êº¼ì_,AI êº¼ì_,AI êº¼ì_,__ë§  ,AI êº¼ì_,0,0,0,
5620,0,0,0,0.5,0.5,0,0,99,1,0,28,FALSE,FALSE,0,0,0,0,0,3.98,AI êº¼ì_,AI êº¼ì_,AI êº¼ì_,AI êº¼ì_,__ë§  ,AI êº¼ì_,0,0,0,
5630,0,0,0,0.5,0.5,0,0,99,1,0,28,FALSE,FALSE,0,0,0,0,0,3.98,AI êº¼ì_,AI êº¼ì_,AI êº¼ì_,AI êº¼ì_,__ë§  ,AI êº¼ì_,0,0,0,
5640,0,0,0,0.5,0.5,0,0,99,1,0,28,FALSE,FALSE,0,0,0,0,0,3.98,AI êº¼ì_,AI êº¼ì_,AI êº¼ì_,AI êº¼ì_,__ë§  ,AI êº¼ì_,0,0,0,
5650,0,0,0,0.5,0.5,0,0,99,1,0,28,FALSE,FALSE,0,0,0,0,0,3.98,AI êº¼ì_,AI êº¼ì_,AI êº¼ì_,AI êº¼ì_,__ë§  ,AI êº¼ì_,0,0,0,
5660,0,0,0,0.51,0.5,0,0,99,1,0,28,FALSE,FALSE,0,0,0,0,0,3.98,AI êº¼ì_,AI êº¼ì_,AI êº¼ì_,AI êº¼ì_,__ë§  ,AI êº¼ì_,0,0,0,
5670,0,0,0,0.5,0.5,0,0,99,1,0,28,FALSE,FALSE,0,0,0,0,0,3.97,AI êº¼ì_,AI êº¼ì_,AI êº¼ì_,AI êº¼ì_,__ë§  ,AI êº¼ì_,0,0,0,
5680,0,0,0,0.5,0.5,0,0,99,1,0,28,FALSE,FALSE,0,0,0,0,0,3.98,AI êº¼ì_,AI êº¼ì_,AI êº¼ì_,AI êº¼ì_,__ë§  ,AI êº¼ì_,0,0,0,
5690,0,0,0,0.5,0.5,0,0,99,1,0,28,FALSE,FALSE,0,0,0,0,0,3.97,AI êº¼ì_,AI êº¼ì_,AI êº¼ì_,AI êº¼ì_,__ë§  ,AI êº¼ì_,0,0,0,
5700,0,0,0,0.5,0.5,0,0,99,1,0,28,FALSE,FALSE,0,0,0,0,0,3.97,AI êº¼ì_,AI êº¼ì_,AI êº¼ì_,AI êº¼ì_,__ë§  ,AI êº¼ì_,0,0,0,